ccode,country name,1500,1501,1502,1503,1504,1505,1506,1507,1508,1509,1510,1511,1512,1513,1514,1515,1516,1517,1518,1519,1520,1521,1522,1523,1524,1525,1526,1527,1528,1529,1530,1531,1532,1533,1534,1535,1536,1537,1538,1539,1540,1541,1542,1543,1544,1545,1546,1547,1548,1549,1550,1551,1552,1553,1554,1555,1556,1557,1558,1559,1560,1561,1562,1563,1564,1565,1566,1567,1568,1569,1570,1571,1572,1573,1574,1575,1576,1577,1578,1579,1580,1581,1582,1583,1584,1585,1586,1587,1588,1589,1590,1591,1592,1593,1594,1595,1596,1597,1598,1599,1600,1601,1602,1603,1604,1605,1606,1607,1608,1609,1610,1611,1612,1613,1614,1615,1616,1617,1618,1619,1620,1621,1622,1623,1624,1625,1626,1627,1628,1629,1630,1631,1632,1633,1634,1635,1636,1637,1638,1639,1640,1641,1642,1643,1644,1645,1646,1647,1648,1649,1650,1651,1652,1653,1654,1655,1656,1657,1658,1659,1660,1661,1662,1663,1664,1665,1666,1667,1668,1669,1670,1671,1672,1673,1674,1675,1676,1677,1678,1679,1680,1681,1682,1683,1684,1685,1686,1687,1688,1689,1690,1691,1692,1693,1694,1695,1696,1697,1698,1699,1700,1701,1702,1703,1704,1705,1706,1707,1708,1709,1710,1711,1712,1713,1714,1715,1716,1717,1718,1719,1720,1721,1722,1723,1724,1725,1726,1727,1728,1729,1730,1731,1732,1733,1734,1735,1736,1737,1738,1739,1740,1741,1742,1743,1744,1745,1746,1747,1748,1749,1750,1751,1752,1753,1754,1755,1756,1757,1758,1759,1760,1761,1762,1763,1764,1765,1766,1767,1768,1769,1770,1771,1772,1773,1774,1775,1776,1777,1778,1779,1780,1781,1782,1783,1784,1785,1786,1787,1788,1789,1790,1791,1792,1793,1794,1795,1796,1797,1798,1799,1800,1801,1802,1803,1804,1805,1806,1807,1808,1809,1810,1811,1812,1813,1814,1815,1816,1817,1818,1819,1820,1821,1822,1823,1824,1825,1826,1827,1828,1829,1830,1831,1832,1833,1834,1835,1836,1837,1838,1839,1840,1841,1842,1843,1844,1845,1846,1847,1848,1849,1850,1851,1852,1853,1854,1855,1856,1857,1858,1859,1860,1861,1862,1863,1864,1865,1866,1867,1868,1869,1870,1871,1872,1873,1874,1875,1876,1877,1878,1879,1880,1881,1882,1883,1884,1885,1886,1887,1888,1889,1890,1891,1892,1893,1894,1895,1896,1897,1898,1899,1900,1901,1902,1903,1904,1905,1906,1907,1908,1909,1910,1911,1912,1913,1914,1915,1916,1917,1918,1919,1920,1921,1922,1923,1924,1925,1926,1927,1928,1929,1930,1931,1932,1933,1934,1935,1936,1937,1938,1939,1940,1941,1942,1943,1944,1945,1946,1947,1948,1949,1950,1951,1952,1953,1954,1955,1956,1957,1958,1959,1960,1961,1962,1963,1964,1965,1966,1967,1968,1969,1970,1971,1972,1973,1974,1975,1976,1977,1978,1979,1980,1981,1982,1983,1984,1985,1986,1987,1988,1989,1990,1991,1992,1993,1994,1995,1996,1997,1998,1999,2000,2001,2002,2003,2004,2005,2006,2007,2008,2009,2010,2011,2012,2013,2014,2015,2016,2017,2018,2019,2020,2021,2022,2023,2024,2025,2026,2027,2028,2029,2030,2031,2032,2033,2034,2035,2036,2037,2038,2039,2040,2041,2042,2043,2044,2045,2046,2047,2048,2049,2050
4,Afghanistan,,,,,,,,,,,,,,,,,,,,,,,,,,,,,,,,,,,,,,,,,,,,,,,,,,,,,,,,,,,,,,,,,,,,,,,,,,,,,,,,,,,,,,,,,,,,,,,,,,,,,,,,,,,,,,,,,,,,,,,,,,,,,,,,,,,,,,,,,,,,,,,,,,,,,,,,,,,,,,,,,,,,,,,,,,,,,,,,,,,,,,,,,,,,,,,,,,,,,,,,,,,,,,,,,,,,,,,,,,,,,,,,,,,,,,,,,,,,,,,,,,,,,,,,,,,,,,,,,,,,,,,,,,,,,,,,,,,,,,,,,,,,,,,,,,,,,,,,,,,,,,,,,,,,,,,,,,,,,,,,,,,,,,,,,,,,,,,,,,,,,,,,,,,,,,,,,,,,,,,,,,,,,,,,,,,,,,,,,,,,,,,,,,,,,,,,,,,,,,,,,,,,,,,,,,,,,,,,,,,,,,,,,,,,,,,,,,,,,,,,,,,,,,,,,,,0.2205,,,,,,,,,,0.3102893,,,,,,,,,,0.617,,,,,,,,,,1.091996,,,,,,,,,,1.6035,,,,,,,,,,2.507,,,,,,,,,,3.813308,,,,,,,,,,,,,,,,,,,,,,,,,,,,,,,,,,,,,,,,
12,Algeria,,,,,,,,,,,,,,,,,,,,,,,,,,,,,,,,,,,,,,,,,,,,,,,,,,,,,,,,,,,,,,,,,,,,,,,,,,,,,,,,,,,,,,,,,,,,,,,,,,,,,,,,,,,,,,,,,,,,,,,,,,,,,,,,,,,,,,,,,,,,,,,,,,,,,,,,,,,,,,,,,,,,,,,,,,,,,,,,,,,,,,,,,,,,,,,,,,,,,,,,,,,,,,,,,,,,,,,,,,,,,,,,,,,,,,,,,,,,,,,,,,,,,,,,,,,,,,,,,,,,,,,,,,,,,,,,,,,,,,,,,,,,,,,,,,,,,,,,,,,,,,,,,,,,,,,,,,,,,,,,,,,,,,,,,,,,,,,,,,,,,,,,,,,,,,,,,,,,,,,,,,,,,,,,,,,0.4,,,,,,,,,,0.44,,,,,,,,,,0.48,,,,,,,,,,0.5,,,,,,,,,,0.62,,,,,,,,,,0.72,,,,,,,,,,0.79,,,,,,,,,,0.87,,,,,,,,,,1.06,,,,,,,,,,1.23,,,,,,,,,,1.76,,,,,,,,,,3.24,,,,,,,,,,5.02,,,,,,,,,,6.45,,,,,,,,,,7.3,,,,,,,,,,,,,,,,,,,,,,,,,,,,,,,,,,,,,,,,
24,Angola,,,,,,,,,,,,,,,,,,,,,,,,,,,,,,,,,,,,,,,,,,,,,,,,,,,,,,,,,,,,,,,,,,,,,,,,,,,,,,,,,,,,,,,,,,,,,,,,,,,,,,,,,,,,,,,,,,,,,,,,,,,,,,,,,,,,,,,,,,,,,,,,,,,,,,,,,,,,,,,,,,,,,,,,,,,,,,,,,,,,,,,,,,,,,,,,,,,,,,,,,,,,,,,,,,,,,,,,,,,,,,,,,,,,,,,,,,,,,,,,,,,,,,,,,,,,,,,,,,,,,,,,,,,,,,,,,,,,,,,,,,,,,,,,,,,,,,,,,,,,,,,,,,,,,,,,,,,,,,,,,,,,,,,,,,,,,,,,,,,,,,,,,,,,,,,,,,,,,,,,,,,,,,,,,,,0.01,,,,,,,,,,0.01,,,,,,,,,,0.02,,,,,,,,,,0.02,,,,,,,,,,0.02,,,,,,,,,,0.02,,,,,,,,,,0.02,,,,,,,,,,0.03,,,,,,,,,,0.04,,,,,,,,,,0.12,,,,,,,,,,0.3,,,,,,,,,,0.96,,,,,,,,,,1.91,,,,,,,,,,2.39,,,,,,,,,,2.98,,,,,,,,,,,,,,,,,,,,,,,,,,,,,,,,,,,,,,,,
32,Argentina,,,,,,,,,,,,,,,,,,,,,,,,,,,,,,,,,,,,,,,,,,,,,,,,,,,,,,,,,,,,,,,,,,,,,,,,,,,,,,,,,,,,,,,,,,,,,,,,,,,,,,,,,,,,,,,,,,,,,,,,,,,,,,,,,,,,,,,,,,,,,,,,,,,,,,,,,,,,,,,,,,,,,,,,,,,,,,,,,,,,,,,,,,,,,,,,,,,,,,,,,,,,,,,,,,,,,,,,,,,,,,,,,,,,,,,,,,,,,,,,,,,,,,,,,,,,,,,,,,,,,,,,,,,,,,,,,,,,,,,,,,,,,,,,,,,,,,,,,,,,,,,,,,,,,,,,,,,,,,,,,,,,,,,,,,,,,,,,,,,,,,,,,,,,,,,,,,,,,,,,,,,,,,,,,,,1.498,,,,,,,,,,1.642,,,,,,,,,,1.786,,,,,,,,,,2.122,,,,,,,,,,2.526,,,,,,,,,,3.112,,,,,,,,,,3.702,,,,,,,,,,4.492,,,,,,,,,,5.402,,,,,,,,,,6.18,,,,,,,,,,6.82,,,,,,,,,,7.65,,,,,,,,,,7.79,,,,,,,,,,8.37,,,,,,,,,,8.77,,,,,,,,,,,,,,,,,,,,,,,,,,,,,,,,,,,,,,,,
51,Armenia,,,,,,,,,,,,,,,,,,,,,,,,,,,,,,,,,,,,,,,,,,,,,,,,,,,,,,,,,,,,,,,,,,,,,,,,,,,,,,,,,,,,,,,,,,,,,,,,,,,,,,,,,,,,,,,,,,,,,,,,,,,,,,,,,,,,,,,,,,,,,,,,,,,,,,,,,,,,,,,,,,,,,,,,,,,,,,,,,,,,,,,,,,,,,,,,,,,,,,,,,,,,,,,,,,,,,,,,,,,,,,,,,,,,,,,,,,,,,,,,,,,,,,,,,,,,,,,,,,,,,,,,,,,,,,,,,,,,,,,,,,,,,,,,,,,,,,,,,,,,,,,,,,,,,,,,,,,,,,,,,,,,,,,,,,,,,,,,,,,,,,,,,,,,,,,,,,,,,,,,,,,,,,,,,,,,,,,,,,,,,,,,,,,,,,,,,,,,,,,,,,,,,,,,,,,,,,,,,,,,,,,,,,,,,,,,,,,,,,,,,3.32039858,,,,,,,,,,,,,,,,,,,,5.709065,,,,,,,,,,6.90846965,,,,,,,,,,9.4873694,,,,,,,,,,10.4819983,,,,,,,,,,10.6019993,,,,,,,,,,10.81796,,,,,,,,,,,,,,,,,,,,,,,,,,,,,,,,,,,,,,,,
36,Australia,,,,,,,,,,,,,,,,,,,,,,,,,,,,,,,,,,,,,,,,,,,,,,,,,,,,,,,,,,,,,,,,,,,,,,,,,,,,,,,,,,,,,,,,,,,,,,,,,,,,,,,,,,,,,,,,,,,,,,,,,,,,,,,,,,,,,,,,,,,,,,,,,,,,,,,,,,,,,,,,,,,,,,,,,,,,,,,,,,,,,,,,,,,,,,,,,,,,,,,,,,,,,,,,,,,,,,,,,,,,,,,,,,,,,,,,,,,,,,,,,,,,,,,,,,,,,,,,,,,,,,,,,,,,,,,,,,,,,,,,,,,,,,,,,,,,,,,,,,,,,,,,,,,,,,,,,,,,,,,,,,,,,,,,,,,,,,,,,,,,,,,,,,,,,,,1.0663258,,,,,,,,,,1.4892467,,,,,,,,,,3.06,,,,,,,,,,4.15,,,,,,,,,,5.28,,,,,,,,,,6.25,,,,,,,,,,7.06,,,,,,,,,,7.71,,,,,,,,,,8.38,,,,,,,,,,8.93,,,,,,,,,,9.45,,,,,,,,,,10.04,,,,,,,,,,10.67,,,,,,,,,,11.95,,,,,,,,,,12.73,,,,,,,,,,12.99,,,,,,,,,,13.14,,,,,,,,,,,,,,,,,,,,,,,,,,,,,,,,,,,,,,,,
40,Austria,,,,,,,,,,,,,,,,,,,,,,,,,,,,,,,,,,,,,,,,,,,,,,,,,,,,,,,,,,,,,,,,,,,,,,,,,,,,,,,,,,,,,,,,,,,,,,,,,,,,,,,,,,,,,,,,,,,,,,,,,,,,,,,,,,,,,,,,,,,,,,,,,,,,,,,,,,,,,,,,,,,,,,,,,,,,,,,,,,,,,,,,,,,,,,,,,,,,,,,,,,,,,,,,,,,,,,,,,,,,,,,,,,,,,,,,,,,,,,,,,,,,,,,,,,,,,,,,,,,,,,,,,,,,,,,,,,,,,,,,,,,,,,,,,,,,,,,,,,,,,,,,,,,,,,,,,,,,,,,,,,,,,,,,,,,,,,,,,,,,,,,,,,,,,,,,,,,,,,,,,,,,,,,,,,,3.201,,,,,,,,,,3.436,,,,,,,,,,3.94,,,,,,,,,,4.627,,,,,,,,,,5.313,,,,,,,,,,5.924,,,,,,,,,,5.876,,,,,,,,,,6.24,,,,,,,,,,6.8,,,,,,,,,,7.87,,,,,,,,,,8.98,,,,,,,,,,10.05,,,,,,,,,,10.77,,,,,,,,,,11.24,,,,,,,,,,11.5,,,,,,,,,,,,,,,,,,,,,,,,,,,,,,,,,,,,,,,,
31,Azerbaijan,,,,,,,,,,,,,,,,,,,,,,,,,,,,,,,,,,,,,,,,,,,,,,,,,,,,,,,,,,,,,,,,,,,,,,,,,,,,,,,,,,,,,,,,,,,,,,,,,,,,,,,,,,,,,,,,,,,,,,,,,,,,,,,,,,,,,,,,,,,,,,,,,,,,,,,,,,,,,,,,,,,,,,,,,,,,,,,,,,,,,,,,,,,,,,,,,,,,,,,,,,,,,,,,,,,,,,,,,,,,,,,,,,,,,,,,,,,,,,,,,,,,,,,,,,,,,,,,,,,,,,,,,,,,,,,,,,,,,,,,,,,,,,,,,,,,,,,,,,,,,,,,,,,,,,,,,,,,,,,,,,,,,,,,,,,,,,,,,,,,,,,,,,,,,,,,,,,,,,,,,,,,,,,,,,,,,,,,,,,,,,,,,,,,,,,,,,,,,,,,,,,,,,,,,,,,,,,,,,,,,,,,,,,,,,,,,,,,,,,,,3.26295615,,,,,,,,,,,,,,,,,,,,5.1882461,,,,,,,,,,6.46022578,,,,,,,,,,8.975879,,,,,,,,,,10.5511716,,,,,,,,,,10.6294463,,,,,,,,,,10.802649,,,,,,,,,,,,,,,,,,,,,,,,,,,,,,,,,,,,,,,,
50,Bangladesh,,,,,,,,,,,,,,,,,,,,,,,,,,,,,,,,,,,,,,,,,,,,,,,,,,,,,,,,,,,,,,,,,,,,,,,,,,,,,,,,,,,,,,,,,,,,,,,,,,,,,,,,,,,,,,,,,,,,,,,,,,,,,,,,,,,,,,,,,,,,,,,,,,,,,,,,,,,,,,,,,,,,,,,,,,,,,,,,,,,,,,,,,,,,,,,,,,,,,,,,,,,,,,,,,,,,,,,,,,,,,,,,,,,,,,,,,,,,,,,,,,,,,,,,,,,,,,,,,,,,,,,,,,,,,,,,,,,,,,,,,,,,,,,,,,,,,,,,,,,,,,,,,,,,,,,,,,,,,,,,,,,,,,,,,,,,,,,,,,,,,,,,,,,,,,,,,,,,,,,,,,,,,,,,,,,0.08,,,,,,,,,,0.11,,,,,,,,,,0.15,,,,,,,,,,0.29,,,,,,,,,,0.37,,,,,,,,,,0.51,,,,,,,,,,0.7,,,,,,,,,,0.9299999,,,,,,,,,,1.12,,,,,,,,,,1.23,,,,,,,,,,1.7,,,,,,,,,,2.26,,,,,,,,,,3.16,,,,,,,,,,4.42,,,,,,,,,,4.69,,,,,,,,,,,,,,,,,,,,,,,,,,,,,,,,,,,,,,,,
52,Barbados,,,,,,,,,,,,,,,,,,,,,,,,,,,,,,,,,,,,,,,,,,,,,,,,,,,,,,,,,,,,,,,,,,,,,,,,,,,,,,,,,,,,,,,,,,,,,,,,,,,,,,,,,,,,,,,,,,,,,,,,,,,,,,,,,,,,,,,,,,,,,,,,,,,,,,,,,,,,,,,,,,,,,,,,,,,,,,,,,,,,,,,,,,,,,,,,,,,,,,,,,,,,,,,,,,,,,,,,,,,,,,,,,,,,,,,,,,,,,,,,,,,,,,,,,,,,,,,,,,,,,,,,,,,,,,,,,,,,,,,,,,,,,,,,,,,,,,,,,,,,,,,,,,,,,,,,,,,,,,,,,,,,,,,,,,,,,,,,,,,,,,,,,,,,,,,,,,,,,,,,,,,,,,,,,,,,,,,,,,,,,4.3482951,,,,,,,,,,4.7987754,,,,,,,,,,5.1584472,,,,,,,,,,5.31234615,,,,,,,,,,5.6335236,,,,,,,,,,5.52973351,,,,,,,,,,5.58488759,,,,,,,,,,5.8509776,,,,,,,,,,6.513,,,,,,,,,,7.53617669,,,,,,,,,,8.1102687,,,,,,,,,,8.947,,,,,,,,,,9.17398,,,,,,,,,,9.675,,,,,,,,,,,,,,,,,,,,,,,,,,,,,,,,,,,,,,,,
112,Belarus,,,,,,,,,,,,,,,,,,,,,,,,,,,,,,,,,,,,,,,,,,,,,,,,,,,,,,,,,,,,,,,,,,,,,,,,,,,,,,,,,,,,,,,,,,,,,,,,,,,,,,,,,,,,,,,,,,,,,,,,,,,,,,,,,,,,,,,,,,,,,,,,,,,,,,,,,,,,,,,,,,,,,,,,,,,,,,,,,,,,,,,,,,,,,,,,,,,,,,,,,,,,,,,,,,,,,,,,,,,,,,,,,,,,,,,,,,,,,,,,,,,,,,,,,,,,,,,,,,,,,,,,,,,,,,,,,,,,,,,,,,,,,,,,,,,,,,,,,,,,,,,,,,,,,,,,,,,,,,,,,,,,,,,,,,,,,,,,,,,,,,,,,,,,,,,,,,,,,,,,,,,,,,,,,,,,,,,,,,,,,,,,,,,,,,,,,,,,,,,,,,,,,,,,,,,,,,,,,,,,,,,,,,,,,,,,,,,,,,,,,3.19043852,,,,,,,,,,,,,,,,,,,,4.7443183,,,,,,,,,,6.34929858,,,,,,,,,,8.2826225,,,,,,,,,,9.5336044,,,,,,,,,,9.8596467,,,,,,,,,,10.204856,,,,,,,,,,,,,,,,,,,,,,,,,,,,,,,,,,,,,,,,
56,Belgium,,,,,,,,,,,,,,,,,,,,,,,,,,,,,,,,,,,,,,,,,,,,,,,,,,,,,,,,,,,,,,,,,,,,,,,,,,,,,,,,,,,,,,,,,,,,,,,,,,,,,,,,,,,,,,,,,,,,,,,,,,,,,,,,,,,,,,,,,,,,,,,,,,,,,,,,,,,,,,,,,,,,,,,,,,,,,,,,,,,,,,,,,,,,,,,,,,,,,,,,,,,,,,,,,,,,,,,,,,,,,,,,,,,,,,,,,,,,,,,,,,,,,,,,,,,,,,,,,,,,,,,,,,,,,,,,,,,,,,,,,,,,,,,,,,,,,,,,,,,,,,,,,,,,,,,,,,,,,,,,,,,,,,,,,,,,,,,,,,,,,,,,,,,,,,,3.6507179,,,,,,,,,,4.0634492,,,,,,,,,,4.27,,,,,,,,,,4.79,,,,,,,,,,5.17,,,,,,,,,,5.17,,,,,,,,,,5.33,,,,,,,,,,5.57,,,,,,,,,,5.89,,,,,,,,,,6.16,,,,,,,,,,6.56,,,,,,,,,,7.26,,,,,,,,,,7.91,,,,,,,,,,8.98,,,,,,,,,,9.94,,,,,,,,,,10.73,,,,,,,,,,11.29,,,,,,,,,,,,,,,,,,,,,,,,,,,,,,,,,,,,,,,,
204,Benin,,,,,,,,,,,,,,,,,,,,,,,,,,,,,,,,,,,,,,,,,,,,,,,,,,,,,,,,,,,,,,,,,,,,,,,,,,,,,,,,,,,,,,,,,,,,,,,,,,,,,,,,,,,,,,,,,,,,,,,,,,,,,,,,,,,,,,,,,,,,,,,,,,,,,,,,,,,,,,,,,,,,,,,,,,,,,,,,,,,,,,,,,,,,,,,,,,,,,,,,,,,,,,,,,,,,,,,,,,,,,,,,,,,,,,,,,,,,,,,,,,,,,,,,,,,,,,,,,,,,,,,,,,,,,,,,,,,,,,,,,,,,,,,,,,,,,,,,,,,,,,,,,,,,,,,,,,,,,,,,,,,,,,,,,,,,,,,,,,,,,,,,,,,,,,,,,,,,,,,,,,,,,,,,,,,0.07,,,,,,,,,,0.1,,,,,,,,,,0.13,,,,,,,,,,0.16,,,,,,,,,,0.19,,,,,,,,,,0.22,,,,,,,,,,0.25,,,,,,,,,,0.29,,,,,,,,,,0.33,,,,,,,,,,0.42,,,,,,,,,,0.56,,,,,,,,,,0.98,,,,,,,,,,1.82,,,,,,,,,,2.33,,,,,,,,,,2.89,,,,,,,,,,,,,,,,,,,,,,,,,,,,,,,,,,,,,,,,
68,Bolivia,,,,,,,,,,,,,,,,,,,,,,,,,,,,,,,,,,,,,,,,,,,,,,,,,,,,,,,,,,,,,,,,,,,,,,,,,,,,,,,,,,,,,,,,,,,,,,,,,,,,,,,,,,,,,,,,,,,,,,,,,,,,,,,,,,,,,,,,,,,,,,,,,,,,,,,,,,,,,,,,,,,,,,,,,,,,,,,,,,,,,,,,,,,,,,,,,,,,,,,,,,,,,,,,,,,,,,,,,,,,,,,,,,,,,,,,,,,,,,,,,,,,,,,,,,,,,,,,,,,,,,,,,,,,,,,,,,,,,,,,,,,,,,,,,,,,,,,,,,,,,,,,,,,,,,,,,,,,,,,,,,,,,,,,,,,,,,,,,,,,,,,,,,,,,,,,,,,,,,,,,,,,,,,,,,,,,,,,,,,,,0.5502904,,,,,,,,,,0.7481182,,,,,,,,,,1.2476228,,,,,,,,,,1.76890787,,,,,,,,,,2.4163638,,,,,,,,,,2.73618881,,,,,,,,,,2.88332163,,,,,,,,,,3.2740049,,,,,,,,,,3.5680863,,,,,,,,,,4.38665358,,,,,,,,,,5.5114647,,,,,,,,,,7.0391945,,,,,,,,,,7.6871754,,,,,,,,,,8.267766,,,,,,,,,,,,,,,,,,,,,,,,,,,,,,,,,,,,,,,,
72,Botswana,,,,,,,,,,,,,,,,,,,,,,,,,,,,,,,,,,,,,,,,,,,,,,,,,,,,,,,,,,,,,,,,,,,,,,,,,,,,,,,,,,,,,,,,,,,,,,,,,,,,,,,,,,,,,,,,,,,,,,,,,,,,,,,,,,,,,,,,,,,,,,,,,,,,,,,,,,,,,,,,,,,,,,,,,,,,,,,,,,,,,,,,,,,,,,,,,,,,,,,,,,,,,,,,,,,,,,,,,,,,,,,,,,,,,,,,,,,,,,,,,,,,,,,,,,,,,,,,,,,,,,,,,,,,,,,,,,,,,,,,,,,,,,,,,,,,,,,,,,,,,,,,,,,,,,,,,,,,,,,,,,,,,,,,,,,,,,,,,,,,,,,,,,,,,,,,,,,,,,,,,,,,,,,,,,,,,,,,,,,,,,,,,,,,,,,,,,,,,,,,,,,,,,,,,,,,,,,,,,,,,0.3693933,,,,,,,,,,0.50693249,,,,,,,,,,0.75122931,,,,,,,,,,0.9438344,,,,,,,,,,1.3295,,,,,,,,,,2.165,,,,,,,,,,3.146,,,,,,,,,,7.0835,,,,,,,,,,9.112,,,,,,,,,,9.889,,,,,,,,,,,,,,,,,,,,,,,,,,,,,,,,,,,,,,,,
76,Brazil,,,,,,,,,,,,,,,,,,,,,,,,,,,,,,,,,,,,,,,,,,,,,,,,,,,,,,,,,,,,,,,,,,,,,,,,,,,,,,,,,,,,,,,,,,,,,,,,,,,,,,,,,,,,,,,,,,,,,,,,,,,,,,,,,,,,,,,,,,,,,,,,,,,,,,,,,,,,,,,,,,,,,,,,,,,,,,,,,,,,,,,,,,,,,,,,,,,,,,,,,,,,,,,,,,,,,,,,,,,,,,,,,,,,,,,,,,,,,,,,,,,,,,,,,,,,,,,,,,,,,,,,,,,,,,,,,,,,,,,,,,,,,,,,,,,,,,,,,,,,,,,,,,,,,,,,,,,,,,,,,,,,,,,,,,,,,,,,,,,,,,,,,,,,,,,,,,,,,,,,,,,,,,,,,,,0.46,,,,,,,,,,0.55,,,,,,,,,,0.64,,,,,,,,,,0.742,,,,,,,,,,0.868,,,,,,,,,,1.04,,,,,,,,,,1.27,,,,,,,,,,1.648,,,,,,,,,,2.354,,,,,,,,,,3.08,,,,,,,,,,3.77,,,,,,,,,,4.68,,,,,,,,,,6.64,,,,,,,,,,7.54,,,,,,,,,,8.139999,,,,,,,,,,,,,,,,,,,,,,,,,,,,,,,,,,,,,,,,
100,Bulgaria,,,,,,,,,,,,,,,,,,,,,,,,,,,,,,,,,,,,,,,,,,,,,,,,,,,,,,,,,,,,,,,,,,,,,,,,,,,,,,,,,,,,,,,,,,,,,,,,,,,,,,,,,,,,,,,,,,,,,,,,,,,,,,,,,,,,,,,,,,,,,,,,,,,,,,,,,,,,,,,,,,,,,,,,,,,,,,,,,,,,,,,,,,,,,,,,,,,,,,,,,,,,,,,,,,,,,,,,,,,,,,,,,,,,,,,,,,,,,,,,,,,,,,,,,,,,,,,,,,,,,,,,,,,,,,,,,,,,,,,,,,,,,,,,,,,,,,,,,,,,,,,,,,,,,,,,,,,,,,,,,,,,,,,,,,,,,,,,,,,,,,,,,,,,,,,,,,,,,,,,,,,,,,,,,,,1.65,,,,,,,,,,1.91,,,,,,,,,,2.22,,,,,,,,,,2.72,,,,,,,,,,3.04,,,,,,,,,,3.56,,,,,,,,,,4.16,,,,,,,,,,5.05,,,,,,,,,,5.77,,,,,,,,,,7.35,,,,,,,,,,8.059999,,,,,,,,,,8.99,,,,,,,,,,9.6,,,,,,,,,,10.62,,,,,,,,,,11.28,,,,,,,,,,,,,,,,,,,,,,,,,,,,,,,,,,,,,,,,
854,Burkina Faso,,,,,,,,,,,,,,,,,,,,,,,,,,,,,,,,,,,,,,,,,,,,,,,,,,,,,,,,,,,,,,,,,,,,,,,,,,,,,,,,,,,,,,,,,,,,,,,,,,,,,,,,,,,,,,,,,,,,,,,,,,,,,,,,,,,,,,,,,,,,,,,,,,,,,,,,,,,,,,,,,,,,,,,,,,,,,,,,,,,,,,,,,,,,,,,,,,,,,,,,,,,,,,,,,,,,,,,,,,,,,,,,,,,,,,,,,,,,,,,,,,,,,,,,,,,,,,,,,,,,,,,,,,,,,,,,,,,,,,,,,,,,,,,,,,,,,,,,,,,,,,,,,,,,,,,,,,,,,,,,,,,,,,,,,,,,,,,,,,,,,,,,,,,,,,,,,,,,,,,,,,,,,,,,,,,,,,,,,,,,,,,,,,,,,,,,,,,,,,,,,,,,,,,,,,,,,,,,,,,,,,,,,,,,,,,,,,,,,,,,,,,,,,,,,,,,,,,,,,,,,0.0545301,,,,,,,,,,0.09972965,,,,,,,,,,0.2178806,,,,,,,,,,0.426172,,,,,,,,,,0.8840623,,,,,,,,,,1.428267,,,,,,,,,,,,,,,,,,,,,,,,,,,,,,,,,,,,,,,,
108,Burundi,,,,,,,,,,,,,,,,,,,,,,,,,,,,,,,,,,,,,,,,,,,,,,,,,,,,,,,,,,,,,,,,,,,,,,,,,,,,,,,,,,,,,,,,,,,,,,,,,,,,,,,,,,,,,,,,,,,,,,,,,,,,,,,,,,,,,,,,,,,,,,,,,,,,,,,,,,,,,,,,,,,,,,,,,,,,,,,,,,,,,,,,,,,,,,,,,,,,,,,,,,,,,,,,,,,,,,,,,,,,,,,,,,,,,,,,,,,,,,,,,,,,,,,,,,,,,,,,,,,,,,,,,,,,,,,,,,,,,,,,,,,,,,,,,,,,,,,,,,,,,,,,,,,,,,,,,,,,,,,,,,,,,,,,,,,,,,,,,,,,,,,,,,,,,,,,,,,,,,,,,,,,,,,,,,,,,,,,,,,,,,,,,,,,,,,,,,,,,,,,,,,,,,,,,,,,,,,,,,,,,,,,,,,,,,,,,,,,,,,,,,,,,,,,,,,,,,,,,,,,,0.698669,,,,,,,,,,0.70934288,,,,,,,,,,0.9695169,,,,,,,,,,1.0535036,,,,,,,,,,1.9689712,,,,,,,,,,2.330975,,,,,,,,,,,,,,,,,,,,,,,,,,,,,,,,,,,,,,,,
116,Cambodia,,,,,,,,,,,,,,,,,,,,,,,,,,,,,,,,,,,,,,,,,,,,,,,,,,,,,,,,,,,,,,,,,,,,,,,,,,,,,,,,,,,,,,,,,,,,,,,,,,,,,,,,,,,,,,,,,,,,,,,,,,,,,,,,,,,,,,,,,,,,,,,,,,,,,,,,,,,,,,,,,,,,,,,,,,,,,,,,,,,,,,,,,,,,,,,,,,,,,,,,,,,,,,,,,,,,,,,,,,,,,,,,,,,,,,,,,,,,,,,,,,,,,,,,,,,,,,,,,,,,,,,,,,,,,,,,,,,,,,,,,,,,,,,,,,,,,,,,,,,,,,,,,,,,,,,,,,,,,,,,,,,,,,,,,,,,,,,,,,,,,,,,,,,,,,,,,,,,,,,,,,,,,,,,,,,,,,,,,,,,,,,,,,,,,,,,,,,,,,,,,,,,,,,,,,,,,,,,,,,,,,,,,,,,,,,,,,,,,,,,,,,,,,,,,,,4.636,,,,,,,,,,4.7212527,,,,,,,,,,4.87522677,,,,,,,,,,5.145,,,,,,,,,,5.371,,,,,,,,,,5.6289489,,,,,,,,,,5.894066,,,,,,,,,,,,,,,,,,,,,,,,,,,,,,,,,,,,,,,,
120,Cameroon,,,,,,,,,,,,,,,,,,,,,,,,,,,,,,,,,,,,,,,,,,,,,,,,,,,,,,,,,,,,,,,,,,,,,,,,,,,,,,,,,,,,,,,,,,,,,,,,,,,,,,,,,,,,,,,,,,,,,,,,,,,,,,,,,,,,,,,,,,,,,,,,,,,,,,,,,,,,,,,,,,,,,,,,,,,,,,,,,,,,,,,,,,,,,,,,,,,,,,,,,,,,,,,,,,,,,,,,,,,,,,,,,,,,,,,,,,,,,,,,,,,,,,,,,,,,,,,,,,,,,,,,,,,,,,,,,,,,,,,,,,,,,,,,,,,,,,,,,,,,,,,,,,,,,,,,,,,,,,,,,,,,,,,,,,,,,,,,,,,,,,,,,,,,,,,,,,,,,,,,,,,,,,,,,,,0.02,,,,,,,,,,0.03,,,,,,,,,,0.04,,,,,,,,,,0.05,,,,,,,,,,0.05,,,,,,,,,,0.05,,,,,,,,,,0.06,,,,,,,,,,0.26,,,,,,,,,,0.61,,,,,,,,,,1.37,,,,,,,,,,1.88,,,,,,,,,,3.05,,,,,,,,,,4.1,,,,,,,,,,4.66,,,,,,,,,,5.1,,,,,,,,,,,,,,,,,,,,,,,,,,,,,,,,,,,,,,,,
124,Canada,,,,,,,,,,,,,,,,,,,,,,,,,,,,,,,,,,,,,,,,,,,,,,,,,,,,,,,,,,,,,,,,,,,,,,,,,,,,,,,,,,,,,,,,,,,,,,,,,,,,,,,,,,,,,,,,,,,,,,,,,,,,,,,,,,,,,,,,,,,,,,,,,,,,,,,,,,,,,,,,,,,,,,,,,,,,,,,,,,,,,,,,,,,,,,,,,,,,,,,,,,,,,,,,,,,,,,,,,,,,,,,,,,,,,,,,,,,,,,,,,,,,,,,,,,,,,,,,,,,,,,,,,,,,,,,,,,,,,,,,,,,,,,,,,,,,,,,,,,,,,,,,,,,,,,,,,,,,,,,,,,,,,,,,,,,,,,,,,,,,,,,,,,,,,,,,,,,,,,,,,,,,,,,,,,,5.71,,,,,,,,,,6.2,,,,,,,,,,6.68,,,,,,,,,,7.1,,,,,,,,,,7.63,,,,,,,,,,8.04,,,,,,,,,,8.48,,,,,,,,,,8.83,,,,,,,,,,9.15,,,,,,,,,,9.54,,,,,,,,,,9.9,,,,,,,,,,11.21,,,,,,,,,,12.2,,,,,,,,,,12.84,,,,,,,,,,13.08,,,,,,,,,,,,,,,,,,,,,,,,,,,,,,,,,,,,,,,,
140,Central African Republic,,,,,,,,,,,,,,,,,,,,,,,,,,,,,,,,,,,,,,,,,,,,,,,,,,,,,,,,,,,,,,,,,,,,,,,,,,,,,,,,,,,,,,,,,,,,,,,,,,,,,,,,,,,,,,,,,,,,,,,,,,,,,,,,,,,,,,,,,,,,,,,,,,,,,,,,,,,,,,,,,,,,,,,,,,,,,,,,,,,,,,,,,,,,,,,,,,,,,,,,,,,,,,,,,,,,,,,,,,,,,,,,,,,,,,,,,,,,,,,,,,,,,,,,,,,,,,,,,,,,,,,,,,,,,,,,,,,,,,,,,,,,,,,,,,,,,,,,,,,,,,,,,,,,,,,,,,,,,,,,,,,,,,,,,,,,,,,,,,,,,,,,,,,,,,,,,,,,,,,,,,,,,,,,,,,,,,,,,,,,,,,,,,,,,,,,,,,,,,,,,,,,,,,,,,,,,,,,,,,,,,,,,,,,,,,,,,,,,,,,,,,,,,,,,,,,,,,,,,,,,0.5016139,,,,,,,,,,0.7256456,,,,,,,,,,1.4170121,,,,,,,,,,2.0789008,,,,,,,,,,2.7183842,,,,,,,,,,3.058095,,,,,,,,,,,,,,,,,,,,,,,,,,,,,,,,,,,,,,,,
148,Chad,,,,,,,,,,,,,,,,,,,,,,,,,,,,,,,,,,,,,,,,,,,,,,,,,,,,,,,,,,,,,,,,,,,,,,,,,,,,,,,,,,,,,,,,,,,,,,,,,,,,,,,,,,,,,,,,,,,,,,,,,,,,,,,,,,,,,,,,,,,,,,,,,,,,,,,,,,,,,,,,,,,,,,,,,,,,,,,,,,,,,,,,,,,,,,,,,,,,,,,,,,,,,,,,,,,,,,,,,,,,,,,,,,,,,,,,,,,,,,,,,,,,,,,,,,,,,,,,,,,,,,,,,,,,,,,,,,,,,,,,,,,,,,,,,,,,,,,,,,,,,,,,,,,,,,,,,,,,,,,,,,,,,,,,,,,,,,,,,,,,,,,,,,,,,,,,,,,,,,,,,,,,,,,,,,,,,,,,,,,,,,,,,,,,,,,,,,,,,,,,,,,,,,,,,,,,,,,,,,,,,,,,,,,,,,,,,,,,,,,,,,,,,,,,,,,,,,,,,,,,,0.2641523,,,,,,,,,,1.21820523,,,,,,,,,,2.0547497,,,,,,,,,,2.9866754,,,,,,,,,,4.2100701,,,,,,,,,,6.24852,,,,,,,,,,,,,,,,,,,,,,,,,,,,,,,,,,,,,,,,
152,Chile,,,,,,,,,,,,,,,,,,,,,,,,,,,,,,,,,,,,,,,,,,,,,,,,,,,,,,,,,,,,,,,,,,,,,,,,,,,,,,,,,,,,,,,,,,,,,,,,,,,,,,,,,,,,,,,,,,,,,,,,,,,,,,,,,,,,,,,,,,,,,,,,,,,,,,,,,,,,,,,,,,,,,,,,,,,,,,,,,,,,,,,,,,,,,,,,,,,,,,,,,,,,,,,,,,,,,,,,,,,,,,,,,,,,,,,,,,,,,,,,,,,,,,,,,,,,,,,,,,,,,,,,,,,,,,,,,,,,,,,,,,,,,,,,,,,,,,,,,,,,,,,,,,,,,,,,,,,,,,,,,,,,,,,,,,,,,,,,,,,,,,,,,,,,,,,,,,,,,,,,,,,,,,,,,,,0.9400001,,,,,,,,,,1.045,,,,,,,,,,1.57,,,,,,,,,,1.73,,,,,,,,,,2.04,,,,,,,,,,2.89,,,,,,,,,,3.89,,,,,,,,,,4.75,,,,,,,,,,5.2,,,,,,,,,,5.75,,,,,,,,,,6.45,,,,,,,,,,7.8,,,,,,,,,,8.96,,,,,,,,,,9.950001,,,,,,,,,,10.36,,,,,,,,,,,,,,,,,,,,,,,,,,,,,,,,,,,,,,,,
156,China,,,,,,,,,,,,,,,,,,,,,,,,,,,,,,,,,,,,,,,,,,,,,,,,,,,,,,,,,,,,,,,,,,,,,,,,,,,,,,,,,,,,,,,,,,,,,,,,,,,,,,,,,,,,,,,,,,,,,,,,,,,,,,,,,,,,,,,,,,,,,,,,,,,,,,,,,,,,,,,,,,,,,,,,,,,,,,,,,,,,,,,,,,,,,,,,,,,,,,,,,,,,,,,,,,,,,,,,,,,,,,,,,,,,,,,,,,,,,,,,,,,,,,,,,,,,,,,,,,,,,,,,,,,,,,,,,,,,,,,,,,,,,,,,,,,,,,,,,,,,,,,,,,,,,,,,,,,,,,,,,,,,,,,,,,,,,,,,,,,,,,,,,,,,,,,0.7989281,,,,,,,,,,0.8046896,,,,,,,,,,1.01,,,,,,,,,,1.06,,,,,,,,,,1.11,,,,,,,,,,1.16,,,,,,,,,,1.21,,,,,,,,,,1.26,,,,,,,,,,1.31,,,,,,,,,,1.46,,,,,,,,,,1.688357,,,,,,,,,,2.464643,,,,,,,,,,3.52334,,,,,,,,,,4.628614,,,,,,,,,,5.602205,,,,,,,,,,6.882662,,,,,,,,,,7.688022,,,,,,,,,,,,,,,,,,,,,,,,,,,,,,,,,,,,,,,,
170,Colombia,,,,,,,,,,,,,,,,,,,,,,,,,,,,,,,,,,,,,,,,,,,,,,,,,,,,,,,,,,,,,,,,,,,,,,,,,,,,,,,,,,,,,,,,,,,,,,,,,,,,,,,,,,,,,,,,,,,,,,,,,,,,,,,,,,,,,,,,,,,,,,,,,,,,,,,,,,,,,,,,,,,,,,,,,,,,,,,,,,,,,,,,,,,,,,,,,,,,,,,,,,,,,,,,,,,,,,,,,,,,,,,,,,,,,,,,,,,,,,,,,,,,,,,,,,,,,,,,,,,,,,,,,,,,,,,,,,,,,,,,,,,,,,,,,,,,,,,,,,,,,,,,,,,,,,,,,,,,,,,,,,,,,,,,,,,,,,,,,,,,,,,,,,,,,,,,,,,,,,,,,,,,,,,,,,,,,,,,,,,,,0.8981011,,,,,,,,,,1.0247776,,,,,,,,,,1.29137,,,,,,,,,,1.61471919,,,,,,,,,,2.3151684,,,,,,,,,,2.79874022,,,,,,,,,,3.18231602,,,,,,,,,,3.3897189,,,,,,,,,,3.7928321,,,,,,,,,,4.35730824,,,,,,,,,,4.9059498,,,,,,,,,,5.9841674,,,,,,,,,,6.956415,,,,,,,,,,7.604042,,,,,,,,,,,,,,,,,,,,,,,,,,,,,,,,,,,,,,,,
178,Congo,,,,,,,,,,,,,,,,,,,,,,,,,,,,,,,,,,,,,,,,,,,,,,,,,,,,,,,,,,,,,,,,,,,,,,,,,,,,,,,,,,,,,,,,,,,,,,,,,,,,,,,,,,,,,,,,,,,,,,,,,,,,,,,,,,,,,,,,,,,,,,,,,,,,,,,,,,,,,,,,,,,,,,,,,,,,,,,,,,,,,,,,,,,,,,,,,,,,,,,,,,,,,,,,,,,,,,,,,,,,,,,,,,,,,,,,,,,,,,,,,,,,,,,,,,,,,,,,,,,,,,,,,,,,,,,,,,,,,,,,,,,,,,,,,,,,,,,,,,,,,,,,,,,,,,,,,,,,,,,,,,,,,,,,,,,,,,,,,,,,,,,,,,,,,,,,,,,,,,,,,,,,,,,,,,,,,,,,,,,,,,,,,,,,,,,,,,,,,,,,,,,,,,,,,,,,,,,,,,,,,,,,,,,,,,,,,,,,,,,,,,,,,,,,,,,0.843,,,,,,,,,,1.171,,,,,,,,,,2.104,,,,,,,,,,4.067,,,,,,,,,,5.2775,,,,,,,,,,5.6816421,,,,,,,,,,5.845395,,,,,,,,,,,,,,,,,,,,,,,,,,,,,,,,,,,,,,,,
180,"Congo, DRC",,,,,,,,,,,,,,,,,,,,,,,,,,,,,,,,,,,,,,,,,,,,,,,,,,,,,,,,,,,,,,,,,,,,,,,,,,,,,,,,,,,,,,,,,,,,,,,,,,,,,,,,,,,,,,,,,,,,,,,,,,,,,,,,,,,,,,,,,,,,,,,,,,,,,,,,,,,,,,,,,,,,,,,,,,,,,,,,,,,,,,,,,,,,,,,,,,,,,,,,,,,,,,,,,,,,,,,,,,,,,,,,,,,,,,,,,,,,,,,,,,,,,,,,,,,,,,,,,,,,,,,,,,,,,,,,,,,,,,,,,,,,,,,,,,,,,,,,,,,,,,,,,,,,,,,,,,,,,,,,,,,,,,,,,,,,,,,,,,,,,,,,,,,,,,,,,,,,,,,,,,,,,,,,,,,,,,,,,,,,,,,,,,,,,,,,,,,,,,,,,,,,,,,,,,,,,,,,,,,,,,,,,,,,,,,,,,,,,,,,,,,,,,,,,,,0.6287486,,,,,,,,,,0.8107492,,,,,,,,,,1.177,,,,,,,,,,1.964,,,,,,,,,,3.1417327,,,,,,,,,,3.477992,,,,,,,,,,3.592044,,,,,,,,,,,,,,,,,,,,,,,,,,,,,,,,,,,,,,,,
188,Costa Rica,,,,,,,,,,,,,,,,,,,,,,,,,,,,,,,,,,,,,,,,,,,,,,,,,,,,,,,,,,,,,,,,,,,,,,,,,,,,,,,,,,,,,,,,,,,,,,,,,,,,,,,,,,,,,,,,,,,,,,,,,,,,,,,,,,,,,,,,,,,,,,,,,,,,,,,,,,,,,,,,,,,,,,,,,,,,,,,,,,,,,,,,,,,,,,,,,,,,,,,,,,,,,,,,,,,,,,,,,,,,,,,,,,,,,,,,,,,,,,,,,,,,,,,,,,,,,,,,,,,,,,,,,,,,,,,,,,,,,,,,,,,,,,,,,,,,,,,,,,,,,,,,,,,,,,,,,,,,,,,,,,,,,,,,,,,,,,,,,,,,,,,,,,,,,,,,,,,,,,,,,,,,,,,,,,,0.9,,,,,,,,,,1.21,,,,,,,,,,1.52,,,,,,,,,,1.69,,,,,,,,,,2.01,,,,,,,,,,2.13,,,,,,,,,,2.38,,,,,,,,,,2.81,,,,,,,,,,3.24,,,,,,,,,,3.67,,,,,,,,,,3.99,,,,,,,,,,4.93,,,,,,,,,,6,,,,,,,,,,6.89,,,,,,,,,,7.5,,,,,,,,,,,,,,,,,,,,,,,,,,,,,,,,,,,,,,,,
384,Cote d'Ivoire,,,,,,,,,,,,,,,,,,,,,,,,,,,,,,,,,,,,,,,,,,,,,,,,,,,,,,,,,,,,,,,,,,,,,,,,,,,,,,,,,,,,,,,,,,,,,,,,,,,,,,,,,,,,,,,,,,,,,,,,,,,,,,,,,,,,,,,,,,,,,,,,,,,,,,,,,,,,,,,,,,,,,,,,,,,,,,,,,,,,,,,,,,,,,,,,,,,,,,,,,,,,,,,,,,,,,,,,,,,,,,,,,,,,,,,,,,,,,,,,,,,,,,,,,,,,,,,,,,,,,,,,,,,,,,,,,,,,,,,,,,,,,,,,,,,,,,,,,,,,,,,,,,,,,,,,,,,,,,,,,,,,,,,,,,,,,,,,,,,,,,,,,,,,,,,,,,,,,,,,,,,,,,,,,,,0.04,,,,,,,,,,0.05,,,,,,,,,,0.06,,,,,,,,,,0.08,,,,,,,,,,0.09,,,,,,,,,,0.1,,,,,,,,,,0.12,,,,,,,,,,0.14,,,,,,,,,,0.16,,,,,,,,,,0.28,,,,,,,,,,0.59,,,,,,,,,,1.51,,,,,,,,,,2.52,,,,,,,,,,3.22,,,,,,,,,,3.78,,,,,,,,,,,,,,,,,,,,,,,,,,,,,,,,,,,,,,,,
192,Cuba,,,,,,,,,,,,,,,,,,,,,,,,,,,,,,,,,,,,,,,,,,,,,,,,,,,,,,,,,,,,,,,,,,,,,,,,,,,,,,,,,,,,,,,,,,,,,,,,,,,,,,,,,,,,,,,,,,,,,,,,,,,,,,,,,,,,,,,,,,,,,,,,,,,,,,,,,,,,,,,,,,,,,,,,,,,,,,,,,,,,,,,,,,,,,,,,,,,,,,,,,,,,,,,,,,,,,,,,,,,,,,,,,,,,,,,,,,,,,,,,,,,,,,,,,,,,,,,,,,,,,,,,,,,,,,,,,,,,,,,,,,,,,,,,,,,,,,,,,,,,,,,,,,,,,,,,,,,,,,,,,,,,,,,,,,,,,,,,,,,,,,,,,,,,,,,,,,,,,,,,,,,,,,,,,,,0.83,,,,,,,,,,0.94,,,,,,,,,,1.04,,,,,,,,,,1.22,,,,,,,,,,1.51,,,,,,,,,,2.08,,,,,,,,,,2.65,,,,,,,,,,3.18,,,,,,,,,,3.53,,,,,,,,,,3.88,,,,,,,,,,4.36,,,,,,,,,,5.7,,,,,,,,,,7.56,,,,,,,,,,8.95,,,,,,,,,,10.28,,,,,,,,,,,,,,,,,,,,,,,,,,,,,,,,,,,,,,,,
196,Cyprus,,,,,,,,,,,,,,,,,,,,,,,,,,,,,,,,,,,,,,,,,,,,,,,,,,,,,,,,,,,,,,,,,,,,,,,,,,,,,,,,,,,,,,,,,,,,,,,,,,,,,,,,,,,,,,,,,,,,,,,,,,,,,,,,,,,,,,,,,,,,,,,,,,,,,,,,,,,,,,,,,,,,,,,,,,,,,,,,,,,,,,,,,,,,,,,,,,,,,,,,,,,,,,,,,,,,,,,,,,,,,,,,,,,,,,,,,,,,,,,,,,,,,,,,,,,,,,,,,,,,,,,,,,,,,,,,,,,,,,,,,,,,,,,,,,,,,,,,,,,,,,,,,,,,,,,,,,,,,,,,,,,,,,,,,,,,,,,,,,,,,,,,,,,,,,,,,,,,,,,,,,,,,,,,,,,,,,,,,,,,,,,,,,,,,,,0.4410402,,,,,,,,,,0.5431457,,,,,,,,,,1.02126244,,,,,,,,,,1.8430291,,,,,,,,,,2.85660246,,,,,,,,,,3.55573353,,,,,,,,,,4.3012582,,,,,,,,,,5.2553024,,,,,,,,,,5.92929197,,,,,,,,,,6.6717251,,,,,,,,,,7.5239203,,,,,,,,,,8.4567311,,,,,,,,,,9.324705,,,,,,,,,,,,,,,,,,,,,,,,,,,,,,,,,,,,,,,,
203,Czech Republic,,,,,,,,,,,,,,,,,,,,,,,,,,,,,,,,,,,,,,,,,,,,,,,,,,,,,,,,,,,,,,,,,,,,,,,,,,,,,,,,,,,,,,,,,,,,,,,,,,,,,,,,,,,,,,,,,,,,,,,,,,,,,,,,,,,,,,,,,,,,,,,,,,,,,,,,,,,,,,,,,,,,,,,,,,,,,,,,,,,,,,,,,,,,,,,,,,,,,,,,,,,,,,,,,,,,,,,,,,,,,,,,,,,,,,,,,,,,,,,,,,,,,,,,,,,,,,,,,,,,,,,,,,,,,,,,,,,,,,,,,,,,,,,,,,,,,,,,,,,,,,,,,,,,,,,,,,,,,,,,,,,,,,,,,,,,,,,,,,,,,,,,,,,,,,,,,,,,,,,,,,,,,,,,,,,,,,,,,,,,,,,,,,,,,,,,,,,,,,,,,,,,,,,,,,,,,,,,,,,,,,,,,,,,,,,,,,,,,,,,,,,,,,,,,,,8.1423941,,,,,,,,,,,,,,,,,,,,9.45873641,,,,,,,,,,9.8831587,,,,,,,,,,,,,,,,,,,,10.7533012,,,,,,,,,,11.246932,,,,,,,,,,,,,,,,,,,,,,,,,,,,,,,,,,,,,,,,
208,Denmark,,,,,,,,,,,,,,,,,,,,,,,,,,,,,,,,,,,,,,,,,,,,,,,,,,,,,,,,,,,,,,,,,,,,,,,,,,,,,,,,,,,,,,,,,,,,,,,,,,,,,,,,,,,,,,,,,,,,,,,,,,,,,,,,,,,,,,,,,,,,,,,,,,,,,,,,,,,,,,,,,,,,,,,,,,,,,,,,,,,,,,,,,,,,,,,,,,,,,,,,,,,,,,,,,,,,,,,,,,,,,,,,,,,,,,,,,,,,,,,,,,,,,,,,,,,,,,,,,,,,,,,,,,,,,,,,,,,,,,,,,,,,,,,,,,,,,,,,,,,,,,,,,,,,,,,,,,,,,,,,,,,,,,,,,,,,,,,,,,,,,,,,,,,,,,,,,,,,,,,,,,,,,,,,,,,4.69,,,,,,,,,,4.94,,,,,,,,,,5.25,,,,,,,,,,5.61,,,,,,,,,,5.96,,,,,,,,,,6.33,,,,,,,,,,6.62,,,,,,,,,,6.93,,,,,,,,,,7.61,,,,,,,,,,8.85,,,,,,,,,,9.84,,,,,,,,,,10.81,,,,,,,,,,11.4,,,,,,,,,,12.02,,,,,,,,,,12.07,,,,,,,,,,,,,,,,,,,,,,,,,,,,,,,,,,,,,,,,
214,Dominican Republic,,,,,,,,,,,,,,,,,,,,,,,,,,,,,,,,,,,,,,,,,,,,,,,,,,,,,,,,,,,,,,,,,,,,,,,,,,,,,,,,,,,,,,,,,,,,,,,,,,,,,,,,,,,,,,,,,,,,,,,,,,,,,,,,,,,,,,,,,,,,,,,,,,,,,,,,,,,,,,,,,,,,,,,,,,,,,,,,,,,,,,,,,,,,,,,,,,,,,,,,,,,,,,,,,,,,,,,,,,,,,,,,,,,,,,,,,,,,,,,,,,,,,,,,,,,,,,,,,,,,,,,,,,,,,,,,,,,,,,,,,,,,,,,,,,,,,,,,,,,,,,,,,,,,,,,,,,,,,,,,,,,,,,,,,,,,,,,,,,,,,,,,,,,,,,,,,,,,,,,,,,,,,,,,,,,0.49,,,,,,,,,,0.65,,,,,,,,,,0.8,,,,,,,,,,0.96,,,,,,,,,,1.11,,,,,,,,,,1.26,,,,,,,,,,1.43,,,,,,,,,,1.6,,,,,,,,,,1.99,,,,,,,,,,2.55,,,,,,,,,,3.66,,,,,,,,,,4.13,,,,,,,,,,5.05,,,,,,,,,,5.95,,,,,,,,,,6.66,,,,,,,,,,,,,,,,,,,,,,,,,,,,,,,,,,,,,,,,
218,Ecuador,,,,,,,,,,,,,,,,,,,,,,,,,,,,,,,,,,,,,,,,,,,,,,,,,,,,,,,,,,,,,,,,,,,,,,,,,,,,,,,,,,,,,,,,,,,,,,,,,,,,,,,,,,,,,,,,,,,,,,,,,,,,,,,,,,,,,,,,,,,,,,,,,,,,,,,,,,,,,,,,,,,,,,,,,,,,,,,,,,,,,,,,,,,,,,,,,,,,,,,,,,,,,,,,,,,,,,,,,,,,,,,,,,,,,,,,,,,,,,,,,,,,,,,,,,,,,,,,,,,,,,,,,,,,,,,,,,,,,,,,,,,,,,,,,,,,,,,,,,,,,,,,,,,,,,,,,,,,,,,,,,,,,,,,,,,,,,,,,,,,,,,,,,,,,,,,,,,,,,,,,,,,,,,,,,,,,,,,,,,,,1.3738556,,,,,,,,,,1.5443758,,,,,,,,,,1.7093099,,,,,,,,,,1.86937304,,,,,,,,,,2.0141072,,,,,,,,,,2.24533804,,,,,,,,,,2.71498115,,,,,,,,,,3.4160758,,,,,,,,,,4.2944609,,,,,,,,,,5.15108219,,,,,,,,,,6.2153987,,,,,,,,,,7.1403095,,,,,,,,,,8.0093027,,,,,,,,,,8.579207,,,,,,,,,,,,,,,,,,,,,,,,,,,,,,,,,,,,,,,,
818,Egypt,,,,,,,,,,,,,,,,,,,,,,,,,,,,,,,,,,,,,,,,,,,,,,,,,,,,,,,,,,,,,,,,,,,,,,,,,,,,,,,,,,,,,,,,,,,,,,,,,,,,,,,,,,,,,,,,,,,,,,,,,,,,,,,,,,,,,,,,,,,,,,,,,,,,,,,,,,,,,,,,,,,,,,,,,,,,,,,,,,,,,,,,,,,,,,,,,,,,,,,,,,,,,,,,,,,,,,,,,,,,,,,,,,,,,,,,,,,,,,,,,,,,,,,,,,,,,,,,,,,,,,,,,,,,,,,,,,,,,,,,,,,,,,,,,,,,,,,,,,,,,,,,,,,,,,,,,,,,,,,,,,,,,,,,,,,,,,,,,,,,,,,,,,,,,,,,,,,,,,,,,,,,,,,,,,,0.15,,,,,,,,,,0.17,,,,,,,,,,0.23,,,,,,,,,,0.3,,,,,,,,,,0.42,,,,,,,,,,0.45,,,,,,,,,,0.74,,,,,,,,,,0.95,,,,,,,,,,1.47,,,,,,,,,,1.61,,,,,,,,,,1.76,,,,,,,,,,3.07,,,,,,,,,,5.15,,,,,,,,,,6.83,,,,,,,,,,7.72,,,,,,,,,,,,,,,,,,,,,,,,,,,,,,,,,,,,,,,,
222,El Salvador,,,,,,,,,,,,,,,,,,,,,,,,,,,,,,,,,,,,,,,,,,,,,,,,,,,,,,,,,,,,,,,,,,,,,,,,,,,,,,,,,,,,,,,,,,,,,,,,,,,,,,,,,,,,,,,,,,,,,,,,,,,,,,,,,,,,,,,,,,,,,,,,,,,,,,,,,,,,,,,,,,,,,,,,,,,,,,,,,,,,,,,,,,,,,,,,,,,,,,,,,,,,,,,,,,,,,,,,,,,,,,,,,,,,,,,,,,,,,,,,,,,,,,,,,,,,,,,,,,,,,,,,,,,,,,,,,,,,,,,,,,,,,,,,,,,,,,,,,,,,,,,,,,,,,,,,,,,,,,,,,,,,,,,,,,,,,,,,,,,,,,,,,,,,,,,,,,,,,,,,,,,,,,,,,,,0.6,,,,,,,,,,0.79,,,,,,,,,,0.98,,,,,,,,,,1.16,,,,,,,,,,1.27,,,,,,,,,,1.26,,,,,,,,,,1.35,,,,,,,,,,1.33,,,,,,,,,,1.6,,,,,,,,,,2.02,,,,,,,,,,2.58,,,,,,,,,,3.66,,,,,,,,,,4.85,,,,,,,,,,5.24,,,,,,,,,,5.93,,,,,,,,,,,,,,,,,,,,,,,,,,,,,,,,,,,,,,,,
233,Estonia,,,,,,,,,,,,,,,,,,,,,,,,,,,,,,,,,,,,,,,,,,,,,,,,,,,,,,,,,,,,,,,,,,,,,,,,,,,,,,,,,,,,,,,,,,,,,,,,,,,,,,,,,,,,,,,,,,,,,,,,,,,,,,,,,,,,,,,,,,,,,,,,,,,,,,,,,,,,,,,,,,,,,,,,,,,,,,,,,,,,,,,,,,,,,,,,,,,,,,,,,,,,,,,,,,,,,,,,,,,,,,,,,,,,,,,,,,,,,,,,,,,,,,,,,,,,,,,,,,,,,,,,,,,,,,,,,,,,,,,,,,,,,,,,,,,,,,,,,,,,,,,,,,,,,,,,,,,,,,,,,,,,,,,,,,,,,,,,,,,,,,,,,,,,,,,,,,,,,,,,,,,,,,,,,,,,,,,,,,,,,,,,,,,,,,,,,,,,,,,,,,,,,,,,,,,,,,,,,,,,,,,,,,,,,,,,,,,,,,,,,,,,,,,,,,,,,,,,,,,,,5.9414826,,,,,,,,,,6.72443014,,,,,,,,,,8.5989029,,,,,,,,,,9.7762957,,,,,,,,,,11.2606097,,,,,,,,,,11.455636,,,,,,,,,,,,,,,,,,,,,,,,,,,,,,,,,,,,,,,,
242,Fiji,,,,,,,,,,,,,,,,,,,,,,,,,,,,,,,,,,,,,,,,,,,,,,,,,,,,,,,,,,,,,,,,,,,,,,,,,,,,,,,,,,,,,,,,,,,,,,,,,,,,,,,,,,,,,,,,,,,,,,,,,,,,,,,,,,,,,,,,,,,,,,,,,,,,,,,,,,,,,,,,,,,,,,,,,,,,,,,,,,,,,,,,,,,,,,,,,,,,,,,,,,,,,,,,,,,,,,,,,,,,,,,,,,,,,,,,,,,,,,,,,,,,,,,,,,,,,,,,,,,,,,,,,,,,,,,,,,,,,,,,,,,,,,,,,,,,,,,,,,,,,,,,,,,,,,,,,,,,,,,,,,,,,,,,,,,,,,,,,,,,,,,,,,,,,,,,,,,,,,,,,,,,,,,,,,,,,,,,,,,,,,,,,,,,,,,,,,,,,,,,,,,,,,,,,,,,,,,,,,,,,,,,,,,,,,,,,,,,,,,,,,,,,,,,,,,3.6174177,,,,,,,,,,3.9616321,,,,,,,,,,5.03109475,,,,,,,,,,6.2452277,,,,,,,,,,7.1885136,,,,,,,,,,7.8113511,,,,,,,,,,8.247792,,,,,,,,,,,,,,,,,,,,,,,,,,,,,,,,,,,,,,,,
246,Finland,,,,,,,,,,,,,,,,,,,,,,,,,,,,,,,,,,,,,,,,,,,,,,,,,,,,,,,,,,,,,,,,,,,,,,,,,,,,,,,,,,,,,,,,,,,,,,,,,,,,,,,,,,,,,,,,,,,,,,,,,,,,,,,,,,,,,,,,,,,,,,,,,,,,,,,,,,,,,,,,,,,,,,,,,,,,,,,,,,,,,,,,,,,,,,,,,,,,,,,,,,,,,,,,,,,,,,,,,,,,,,,,,,,,,,,,,,,,,,,,,,,,,,,,,,,,,,,,,,,,,,,,,,,,,,,,,,,,,,,,,,,,,,,,,,,,,,,,,,,,,,,,,,,,,,,,,,,,,,,,,,,,,,,,,,,,,,,,,,,,,,,,,,,,,,,,,,,,,,,,,,,,,,,,,,,1.45,,,,,,,,,,1.53,,,,,,,,,,1.62,,,,,,,,,,1.73,,,,,,,,,,2,,,,,,,,,,2.71,,,,,,,,,,3.64,,,,,,,,,,4.96,,,,,,,,,,5.98,,,,,,,,,,6.95,,,,,,,,,,7.64,,,,,,,,,,9.45,,,,,,,,,,10.58,,,,,,,,,,11.47,,,,,,,,,,12.03,,,,,,,,,,,,,,,,,,,,,,,,,,,,,,,,,,,,,,,,
250,France,,,,,,,,,,,,,,,,,,,,,,,,,,,,,,,,,,,,,,,,,,,,,,,,,,,,,,,,,,,,,,,,,,,,,,,,,,,,,,,,,,,,,,,,,,,,,,,,,,,,,,,,,,,,,,,,,,,,,,,,,,,,,,,,,,,,,,,,,,,,,,,,,,,,,,,,,,,,,,,,,,,,,,,,,,,,,,,,,,,,,,,,,,,,,,,,,,,,,,,,,,,,,,,,,,,,,,,,,,,,,,,,,,,,,,,,,,,,,,,,,,,,,,,,,,,,,,,,,,,,,,,,,,,,,,,,,,,,,,,,,,,,,,,,,,,,,,,,,,,,,,,,,,,,,,,,,,,,,,,,,,,,,,,,,,,,,,,,,,,,,,,,,,,,,,,,,,,,,,,,,,,,,,,,,,,4.119,,,,,,,,,,4.94,,,,,,,,,,5.794,,,,,,,,,,6.31,,,,,,,,,,6.99,,,,,,,,,,7.53,,,,,,,,,,7.72,,,,,,,,,,8,,,,,,,,,,8.12,,,,,,,,,,8.45,,,,,,,,,,10.01,,,,,,,,,,11.06,,,,,,,,,,11.47,,,,,,,,,,11.84,,,,,,,,,,12.46,,,,,,,,,,,,,,,,,,,,,,,,,,,,,,,,,,,,,,,,
266,Gabon,,,,,,,,,,,,,,,,,,,,,,,,,,,,,,,,,,,,,,,,,,,,,,,,,,,,,,,,,,,,,,,,,,,,,,,,,,,,,,,,,,,,,,,,,,,,,,,,,,,,,,,,,,,,,,,,,,,,,,,,,,,,,,,,,,,,,,,,,,,,,,,,,,,,,,,,,,,,,,,,,,,,,,,,,,,,,,,,,,,,,,,,,,,,,,,,,,,,,,,,,,,,,,,,,,,,,,,,,,,,,,,,,,,,,,,,,,,,,,,,,,,,,,,,,,,,,,,,,,,,,,,,,,,,,,,,,,,,,,,,,,,,,,,,,,,,,,,,,,,,,,,,,,,,,,,,,,,,,,,,,,,,,,,,,,,,,,,,,,,,,,,,,,,,,,,,,,,,,,,,,,,,,,,,,,,,,,,,,,,,,,,,,,,,,,,,,,,,,,,,,,,,,,,,,,,,,,,,,,,,,,,,,,,,,,,,,,,,,,,,,,,,,,,,,,,,,,,,,,,,,1.9009795,,,,,,,,,,2.31500641,,,,,,,,,,3.5758158,,,,,,,,,,4.4564144,,,,,,,,,,4.9114849,,,,,,,,,,5.703749,,,,,,,,,,,,,,,,,,,,,,,,,,,,,,,,,,,,,,,,
268,Georgia,,,,,,,,,,,,,,,,,,,,,,,,,,,,,,,,,,,,,,,,,,,,,,,,,,,,,,,,,,,,,,,,,,,,,,,,,,,,,,,,,,,,,,,,,,,,,,,,,,,,,,,,,,,,,,,,,,,,,,,,,,,,,,,,,,,,,,,,,,,,,,,,,,,,,,,,,,,,,,,,,,,,,,,,,,,,,,,,,,,,,,,,,,,,,,,,,,,,,,,,,,,,,,,,,,,,,,,,,,,,,,,,,,,,,,,,,,,,,,,,,,,,,,,,,,,,,,,,,,,,,,,,,,,,,,,,,,,,,,,,,,,,,,,,,,,,,,,,,,,,,,,,,,,,,,,,,,,,,,,,,,,,,,,,,,,,,,,,,,,,,,,,,,,,,,,,,,,,,,,,,,,,,,,,,,,,,,,,,,,,,,,,,,,,,,,,,,,,,,,,,,,,,,,,,,,,,,,,,,,,,,,,,,,,,,,,,,,,,,,,,3.67784597,,,,,,,,,,,,,,,,,,,,5.9202523,,,,,,,,,,7.35140867,,,,,,,,,,9.4135792,,,,,,,,,,10.5147985,,,,,,,,,,10.6714971,,,,,,,,,,10.901894,,,,,,,,,,,,,,,,,,,,,,,,,,,,,,,,,,,,,,,,
276,Germany,,,,,,,,,,,,,,,,,,,,,,,,,,,,,,,,,,,,,,,,,,,,,,,,,,,,,,,,,,,,,,,,,,,,,,,,,,,,,,,,,,,,,,,,,,,,,,,,,,,,,,,,,,,,,,,,,,,,,,,,,,,,,,,,,,,,,,,,,,,,,,,,,,,,,,,,,,,,,,,,,,,,,,,,,,,,,,,,,,,,,,,,,,,,,,,,,,,,,,,,,,,,,,,,,,,,,,,,,,,,,,,,,,,,,,,,,,,,,,,,,,,,,,,,,,,,,,,,,,,,,,,,,,,,,,,,,,,,,,,,,,,,,,,,,,,,,,,,,,,,,,,,,,,,,,,,,,,,,,,,,,,,,,,,,,,,,,,,,,,,,,,,,,,,,,,,,,,,,,,,,,,,,,,,,,,5.44,,,,,,,,,,5.7,,,,,,,,,,6.1,,,,,,,,,,6.47,,,,,,,,,,6.99,,,,,,,,,,7.45,,,,,,,,,,7.73,,,,,,,,,,8.25,,,,,,,,,,8.530001,,,,,,,,,,9.68,,,,,,,,,,11.06,,,,,,,,,,12.35,,,,,,,,,,13.05,,,,,,,,,,12.89,,,,,,,,,,12.98,,,,,,,,,,,,,,,,,,,,,,,,,,,,,,,,,,,,,,,,
288,Ghana,,,,,,,,,,,,,,,,,,,,,,,,,,,,,,,,,,,,,,,,,,,,,,,,,,,,,,,,,,,,,,,,,,,,,,,,,,,,,,,,,,,,,,,,,,,,,,,,,,,,,,,,,,,,,,,,,,,,,,,,,,,,,,,,,,,,,,,,,,,,,,,,,,,,,,,,,,,,,,,,,,,,,,,,,,,,,,,,,,,,,,,,,,,,,,,,,,,,,,,,,,,,,,,,,,,,,,,,,,,,,,,,,,,,,,,,,,,,,,,,,,,,,,,,,,,,,,,,,,,,,,,,,,,,,,,,,,,,,,,,,,,,,,,,,,,,,,,,,,,,,,,,,,,,,,,,,,,,,,,,,,,,,,,,,,,,,,,,,,,,,,,,,,,,,,,,,,,,,,,,,,,,,,,,,,,0.04,,,,,,,,,,0.05,,,,,,,,,,0.06,,,,,,,,,,0.07,,,,,,,,,,0.12,,,,,,,,,,0.18,,,,,,,,,,0.3,,,,,,,,,,0.42,,,,,,,,,,1.18,,,,,,,,,,1.93,,,,,,,,,,3.4,,,,,,,,,,4.37,,,,,,,,,,4.85,,,,,,,,,,5.29,,,,,,,,,,5.61,,,,,,,,,,,,,,,,,,,,,,,,,,,,,,,,,,,,,,,,
300,Greece,,,,,,,,,,,,,,,,,,,,,,,,,,,,,,,,,,,,,,,,,,,,,,,,,,,,,,,,,,,,,,,,,,,,,,,,,,,,,,,,,,,,,,,,,,,,,,,,,,,,,,,,,,,,,,,,,,,,,,,,,,,,,,,,,,,,,,,,,,,,,,,,,,,,,,,,,,,,,,,,,,,,,,,,,,,,,,,,,,,,,,,,,,,,,,,,,,,,,,,,,,,,,,,,,,,,,,,,,,,,,,,,,,,,,,,,,,,,,,,,,,,,,,,,,,,,,,,,,,,,,,,,,,,,,,,,,,,,,,,,,,,,,,,,,,,,,,,,,,,,,,,,,,,,,,,,,,,,,,,,,,,,,,,,,,,,,,,,,,,,,,,,,,,,,,,,,,,,,,,,,,,,,,,,,,,1.41,,,,,,,,,,1.76,,,,,,,,,,2.07,,,,,,,,,,2.37,,,,,,,,,,2.71,,,,,,,,,,3.07,,,,,,,,,,3.9,,,,,,,,,,4.53,,,,,,,,,,5.12,,,,,,,,,,5.91,,,,,,,,,,6.72,,,,,,,,,,7.45,,,,,,,,,,8.6,,,,,,,,,,9.87,,,,,,,,,,10.7,,,,,,,,,,,,,,,,,,,,,,,,,,,,,,,,,,,,,,,,
320,Guatemala,,,,,,,,,,,,,,,,,,,,,,,,,,,,,,,,,,,,,,,,,,,,,,,,,,,,,,,,,,,,,,,,,,,,,,,,,,,,,,,,,,,,,,,,,,,,,,,,,,,,,,,,,,,,,,,,,,,,,,,,,,,,,,,,,,,,,,,,,,,,,,,,,,,,,,,,,,,,,,,,,,,,,,,,,,,,,,,,,,,,,,,,,,,,,,,,,,,,,,,,,,,,,,,,,,,,,,,,,,,,,,,,,,,,,,,,,,,,,,,,,,,,,,,,,,,,,,,,,,,,,,,,,,,,,,,,,,,,,,,,,,,,,,,,,,,,,,,,,,,,,,,,,,,,,,,,,,,,,,,,,,,,,,,,,,,,,,,,,,,,,,,,,,,,,,,,,,,,,,,,,,,,,,,,,,,0.51,,,,,,,,,,0.67,,,,,,,,,,0.83,,,,,,,,,,0.97,,,,,,,,,,1.09,,,,,,,,,,1.14,,,,,,,,,,1.2,,,,,,,,,,1.42,,,,,,,,,,1.68,,,,,,,,,,1.84,,,,,,,,,,2,,,,,,,,,,2.8,,,,,,,,,,4.01,,,,,,,,,,4.92,,,,,,,,,,5.5,,,,,,,,,,,,,,,,,,,,,,,,,,,,,,,,,,,,,,,,
324,Guinea,,,,,,,,,,,,,,,,,,,,,,,,,,,,,,,,,,,,,,,,,,,,,,,,,,,,,,,,,,,,,,,,,,,,,,,,,,,,,,,,,,,,,,,,,,,,,,,,,,,,,,,,,,,,,,,,,,,,,,,,,,,,,,,,,,,,,,,,,,,,,,,,,,,,,,,,,,,,,,,,,,,,,,,,,,,,,,,,,,,,,,,,,,,,,,,,,,,,,,,,,,,,,,,,,,,,,,,,,,,,,,,,,,,,,,,,,,,,,,,,,,,,,,,,,,,,,,,,,,,,,,,,,,,,,,,,,,,,,,,,,,,,,,,,,,,,,,,,,,,,,,,,,,,,,,,,,,,,,,,,,,,,,,,,,,,,,,,,,,,,,,,,,,,,,,,,,,,,,,,,,,,,,,,,,,,,,,,,,,,,,,,,,,,,,,,,,,,,,,,,,,,,,,,,,,,,,,,,,,,,,,,,,,,,,,,,,,,,,,,,,,,,,,,,,,,,,,,,,,,,,0.2066208,,,,,,,,,,0.73537211,,,,,,,,,,1.2960095,,,,,,,,,,1.8789007,,,,,,,,,,2.3094723,,,,,,,,,,3.347129,,,,,,,,,,,,,,,,,,,,,,,,,,,,,,,,,,,,,,,,
328,Guyana,,,,,,,,,,,,,,,,,,,,,,,,,,,,,,,,,,,,,,,,,,,,,,,,,,,,,,,,,,,,,,,,,,,,,,,,,,,,,,,,,,,,,,,,,,,,,,,,,,,,,,,,,,,,,,,,,,,,,,,,,,,,,,,,,,,,,,,,,,,,,,,,,,,,,,,,,,,,,,,,,,,,,,,,,,,,,,,,,,,,,,,,,,,,,,,,,,,,,,,,,,,,,,,,,,,,,,,,,,,,,,,,,,,,,,,,,,,,,,,,,,,,,,,,,,,,,,,,,,,,,,,,,,,,,,,,,,,,,,,,,,,,,,,,,,,,,,,,,,,,,,,,,,,,,,,,,,,,,,,,,,,,,,,,,,,,,,,,,,,,,,,,,,,,,,,,,,,,,,,,,0.2796968,,,,,,,,,,0.4383367,,,,,,,,,,0.9242193,,,,,,,,,,1.5002483,,,,,,,,,,2.1539727,,,,,,,,,,2.6961526,,,,,,,,,,3.1786621,,,,,,,,,,3.54804705,,,,,,,,,,3.88123049,,,,,,,,,,4.4124763,,,,,,,,,,5.0705171,,,,,,,,,,5.63379766,,,,,,,,,,6.5769379,,,,,,,,,,7.3999388,,,,,,,,,,8.3129628,,,,,,,,,,8.941138,,,,,,,,,,,,,,,,,,,,,,,,,,,,,,,,,,,,,,,,
332,Haiti,,,,,,,,,,,,,,,,,,,,,,,,,,,,,,,,,,,,,,,,,,,,,,,,,,,,,,,,,,,,,,,,,,,,,,,,,,,,,,,,,,,,,,,,,,,,,,,,,,,,,,,,,,,,,,,,,,,,,,,,,,,,,,,,,,,,,,,,,,,,,,,,,,,,,,,,,,,,,,,,,,,,,,,,,,,,,,,,,,,,,,,,,,,,,,,,,,,,,,,,,,,,,,,,,,,,,,,,,,,,,,,,,,,,,,,,,,,,,,,,,,,,,,,,,,,,,,,,,,,,,,,,,,,,,,,,,,,,,,,,,,,,,,,,,,,,,,,,,,,,,,,,,,,,,,,,,,,,,,,,,,,,,,,,,,,,,,,,,,,,,,,,,,,,,,,,,,,,,,,,,,,,,,,,,,,,,,,,,,,,,,,,,,,,,,,,,,,,,,,,,,,,,,,,,,,,,,,,,,,,,,,,,,,,,,,0.92595063,,,,,,,,,,0.8750689,,,,,,,,,,0.9125027,,,,,,,,,,1.1053733,,,,,,,,,,1.40794499,,,,,,,,,,1.9615936,,,,,,,,,,3.0229535,,,,,,,,,,3.453717,,,,,,,,,,4.230034,,,,,,,,,,,,,,,,,,,,,,,,,,,,,,,,,,,,,,,,
340,Honduras,,,,,,,,,,,,,,,,,,,,,,,,,,,,,,,,,,,,,,,,,,,,,,,,,,,,,,,,,,,,,,,,,,,,,,,,,,,,,,,,,,,,,,,,,,,,,,,,,,,,,,,,,,,,,,,,,,,,,,,,,,,,,,,,,,,,,,,,,,,,,,,,,,,,,,,,,,,,,,,,,,,,,,,,,,,,,,,,,,,,,,,,,,,,,,,,,,,,,,,,,,,,,,,,,,,,,,,,,,,,,,,,,,,,,,,,,,,,,,,,,,,,,,,,,,,,,,,,,,,,,,,,,,,,,,,,,,,,,,,,,,,,,,,,,,,,,,,,,,,,,,,,,,,,,,,,,,,,,,,,,,,,,,,,,,,,,,,,,,,,,,,,,,,,,,,,,,,,,,,,,,,,,,,,,,,0.64,,,,,,,,,,0.85,,,,,,,,,,1.05,,,,,,,,,,1.25,,,,,,,,,,1.46,,,,,,,,,,1.51,,,,,,,,,,1.58,,,,,,,,,,1.57,,,,,,,,,,1.67,,,,,,,,,,1.9,,,,,,,,,,3.5,,,,,,,,,,4.23,,,,,,,,,,4.83,,,,,,,,,,5.43,,,,,,,,,,5.79,,,,,,,,,,,,,,,,,,,,,,,,,,,,,,,,,,,,,,,,
348,Hungary,,,,,,,,,,,,,,,,,,,,,,,,,,,,,,,,,,,,,,,,,,,,,,,,,,,,,,,,,,,,,,,,,,,,,,,,,,,,,,,,,,,,,,,,,,,,,,,,,,,,,,,,,,,,,,,,,,,,,,,,,,,,,,,,,,,,,,,,,,,,,,,,,,,,,,,,,,,,,,,,,,,,,,,,,,,,,,,,,,,,,,,,,,,,,,,,,,,,,,,,,,,,,,,,,,,,,,,,,,,,,,,,,,,,,,,,,,,,,,,,,,,,,,,,,,,,,,,,,,,,,,,,,,,,,,,,,,,,,,,,,,,,,,,,,,,,,,,,,,,,,,,,,,,,,,,,,,,,,,,,,,,,,,,,,,,,,,,,,,,,,,,,,,,,,,,,,,,,,,,,,,,,,,,,,,,2.578,,,,,,,,,,2.966,,,,,,,,,,3.59,,,,,,,,,,4.05,,,,,,,,,,4.59,,,,,,,,,,4.798,,,,,,,,,,5.11,,,,,,,,,,5.54,,,,,,,,,,6.11,,,,,,,,,,6.92,,,,,,,,,,7.9,,,,,,,,,,9.01,,,,,,,,,,9.87,,,,,,,,,,10.75,,,,,,,,,,11.19,,,,,,,,,,,,,,,,,,,,,,,,,,,,,,,,,,,,,,,,
352,Iceland,,,,,,,,,,,,,,,,,,,,,,,,,,,,,,,,,,,,,,,,,,,,,,,,,,,,,,,,,,,,,,,,,,,,,,,,,,,,,,,,,,,,,,,,,,,,,,,,,,,,,,,,,,,,,,,,,,,,,,,,,,,,,,,,,,,,,,,,,,,,,,,,,,,,,,,,,,,,,,,,,,,,,,,,,,,,,,,,,,,,,,,,,,,,,,,,,,,,,,,,,,,,,,,,,,,,,,,,,,,,,,,,,,,,,,,,,,,,,,,,,,,,,,,,,,,,,,,,,,,,,,,,,,,,,,,,,,,,,,,,,,,,,,,,,,,,,,,,,,,,,,,,,,,,,,,,,,,,,,,,,,,,,,,,,,,,,,,,,,,,,,,,,,,,,,,,,,,,,,,,,,,,,,,,,,,,,,,,,,,,,,,,,,,,,,,,,,,,,,,,,,,,,,,,,,,,,,,,,,,,,3.2723718,,,,,,,,,,3.27645535,,,,,,,,,,3.90572019,,,,,,,,,,4.8980555,,,,,,,,,,5.79,,,,,,,,,,6.8347716,,,,,,,,,,8.2313113,,,,,,,,,,9.4422342,,,,,,,,,,10.6013169,,,,,,,,,,11.388436,,,,,,,,,,,,,,,,,,,,,,,,,,,,,,,,,,,,,,,,
356,India,,,,,,,,,,,,,,,,,,,,,,,,,,,,,,,,,,,,,,,,,,,,,,,,,,,,,,,,,,,,,,,,,,,,,,,,,,,,,,,,,,,,,,,,,,,,,,,,,,,,,,,,,,,,,,,,,,,,,,,,,,,,,,,,,,,,,,,,,,,,,,,,,,,,,,,,,,,,,,,,,,,,,,,,,,,,,,,,,,,,,,,,,,,,,,,,,,,,,,,,,,,,,,,,,,,,,,,,,,,,,,,,,,,,,,,,,,,,,,,,,,,,,,,,,,,,,,,,,,,,,,,,,,,,,,,,,,,,,,,,,,,,,,,,,,,,,,,,,,,,,,,,,,,,,,,,,,,,,,,,,,,,,,,,,,,,,,,,,,,,,,,,,,,,,,,,,,,,,,,,,,,,,,,,,,,0.08,,,,,,,,,,0.11,,,,,,,,,,0.15,,,,,,,,,,0.29,,,,,,,,,,0.37,,,,,,,,,,0.51,,,,,,,,,,0.7,,,,,,,,,,0.9299999,,,,,,,,,,1.16,,,,,,,,,,1.46,,,,,,,,,,2.01,,,,,,,,,,2.69,,,,,,,,,,3.33,,,,,,,,,,4.51,,,,,,,,,,4.84,,,,,,,,,,,,,,,,,,,,,,,,,,,,,,,,,,,,,,,,
364,Iran,,,,,,,,,,,,,,,,,,,,,,,,,,,,,,,,,,,,,,,,,,,,,,,,,,,,,,,,,,,,,,,,,,,,,,,,,,,,,,,,,,,,,,,,,,,,,,,,,,,,,,,,,,,,,,,,,,,,,,,,,,,,,,,,,,,,,,,,,,,,,,,,,,,,,,,,,,,,,,,,,,,,,,,,,,,,,,,,,,,,,,,,,,,,,,,,,,,,,,,,,,,,,,,,,,,,,,,,,,,,,,,,,,,,,,,,,,,,,,,,,,,,,,,,,,,,,,,,,,,,,,,,,,,,,,,,,,,,,,,,,,,,,,,,,,,,,,,,,,,,,,,,,,,,,,,,,,,,,,,,,,,,,,,,,,,,,,,,,,,,,,,,,,,,,,,,,,,,,,,,,,,,,,,,,,,0.29,,,,,,,,,,0.3,,,,,,,,,,0.31,,,,,,,,,,0.32,,,,,,,,,,0.34,,,,,,,,,,0.35,,,,,,,,,,0.35,,,,,,,,,,0.37,,,,,,,,,,0.49,,,,,,,,,,0.73,,,,,,,,,,1.36,,,,,,,,,,2.47,,,,,,,,,,3.87,,,,,,,,,,5.52,,,,,,,,,,6.25,,,,,,,,,,,,,,,,,,,,,,,,,,,,,,,,,,,,,,,,
368,Iraq,,,,,,,,,,,,,,,,,,,,,,,,,,,,,,,,,,,,,,,,,,,,,,,,,,,,,,,,,,,,,,,,,,,,,,,,,,,,,,,,,,,,,,,,,,,,,,,,,,,,,,,,,,,,,,,,,,,,,,,,,,,,,,,,,,,,,,,,,,,,,,,,,,,,,,,,,,,,,,,,,,,,,,,,,,,,,,,,,,,,,,,,,,,,,,,,,,,,,,,,,,,,,,,,,,,,,,,,,,,,,,,,,,,,,,,,,,,,,,,,,,,,,,,,,,,,,,,,,,,,,,,,,,,,,,,,,,,,,,,,,,,,,,,,,,,,,,,,,,,,,,,,,,,,,,,,,,,,,,,,,,,,,,,,,,,,,,,,,,,,,,,,,,,,,,,,,,,,,,,,,,,,,,,,,,,0.1,,,,,,,,,,0.12,,,,,,,,,,0.14,,,,,,,,,,0.15,,,,,,,,,,0.17,,,,,,,,,,0.19,,,,,,,,,,0.2,,,,,,,,,,0.23,,,,,,,,,,0.38,,,,,,,,,,0.76,,,,,,,,,,1.4,,,,,,,,,,2.86,,,,,,,,,,5.02,,,,,,,,,,6.2,,,,,,,,,,6.78,,,,,,,,,,,,,,,,,,,,,,,,,,,,,,,,,,,,,,,,
372,Ireland,,,,,,,,,,,,,,,,,,,,,,,,,,,,,,,,,,,,,,,,,,,,,,,,,,,,,,,,,,,,,,,,,,,,,,,,,,,,,,,,,,,,,,,,,,,,,,,,,,,,,,,,,,,,,,,,,,,,,,,,,,,,,,,,,,,,,,,,,,,,,,,,,,,,,,,,,,,,,,,,,,,,,,,,,,,,,,,,,,,,,,,,,,,,,,,,,,,,,,,,,,,,,,,,,,,,,,,,,,,,,,,,,,,,,,,,,,,,,,,,,,,,,,,,,,,,,,,,,,,,,,,,,,,,,,,,,,,,,,,,,,,,,,,,,,,,,,,,,,,,,,,,,,,,,,,,,,,,,,,,,,,,,,,,,,,,,,,,,,,,,,,,,,,,,,,,,,,,,,,,,,,,,,,,,,,2.65,,,,,,,,,,3.31,,,,,,,,,,3.89,,,,,,,,,,4.53,,,,,,,,,,5.08,,,,,,,,,,5.88,,,,,,,,,,6.59,,,,,,,,,,6.82,,,,,,,,,,7.13,,,,,,,,,,7.71,,,,,,,,,,8.389999,,,,,,,,,,8.79,,,,,,,,,,9.52,,,,,,,,,,10.15,,,,,,,,,,10.69,,,,,,,,,,,,,,,,,,,,,,,,,,,,,,,,,,,,,,,,
376,Israel,,,,,,,,,,,,,,,,,,,,,,,,,,,,,,,,,,,,,,,,,,,,,,,,,,,,,,,,,,,,,,,,,,,,,,,,,,,,,,,,,,,,,,,,,,,,,,,,,,,,,,,,,,,,,,,,,,,,,,,,,,,,,,,,,,,,,,,,,,,,,,,,,,,,,,,,,,,,,,,,,,,,,,,,,,,,,,,,,,,,,,,,,,,,,,,,,,,,,,,,,,,,,,,,,,,,,,,,,,,,,,,,,,,,,,,,,,,,,,,,,,,,,,,,,,,,,,,,,,,,,,,,,,,,,,,,,,,,,,,,,,,,,,,,,,,,,,,,,,,,,,,,,,,,,,,,,,,,,,,,,,,,,,,,,,,,,,,,,,,,,,,,,,,,,,,,,,,,,,,,,,,,,,,,,,,,,,,,,,,,,,,,,,,,,,,,,,,,,,,,,,,,,,,,,,,,,,,,,,,,,1.1599627,,,,,,,,,,2.08710139,,,,,,,,,,3.7995088,,,,,,,,,,6.84,,,,,,,,,,7.123,,,,,,,,,,7.955,,,,,,,,,,9.381,,,,,,,,,,9.959,,,,,,,,,,10.495,,,,,,,,,,10.716,,,,,,,,,,,,,,,,,,,,,,,,,,,,,,,,,,,,,,,,
380,Italy,,,,,,,,,,,,,,,,,,,,,,,,,,,,,,,,,,,,,,,,,,,,,,,,,,,,,,,,,,,,,,,,,,,,,,,,,,,,,,,,,,,,,,,,,,,,,,,,,,,,,,,,,,,,,,,,,,,,,,,,,,,,,,,,,,,,,,,,,,,,,,,,,,,,,,,,,,,,,,,,,,,,,,,,,,,,,,,,,,,,,,,,,,,,,,,,,,,,,,,,,,,,,,,,,,,,,,,,,,,,,,,,,,,,,,,,,,,,,,,,,,,,,,,,,,,,,,,,,,,,,,,,,,,,,,,,,,,,,,,,,,,,,,,,,,,,,,,,,,,,,,,,,,,,,,,,,,,,,,,,,,,,,,,,,,,,,,,,,,,,,,,,,,,,,,,,,,,,,,,,,,,,,,,,,,,0.84,,,,,,,,,,1.33,,,,,,,,,,1.86,,,,,,,,,,2.38,,,,,,,,,,2.84,,,,,,,,,,3.36,,,,,,,,,,3.94,,,,,,,,,,4.38,,,,,,,,,,4.97,,,,,,,,,,5.52,,,,,,,,,,6.6,,,,,,,,,,7.84,,,,,,,,,,9.09,,,,,,,,,,10.28,,,,,,,,,,10.95,,,,,,,,,,,,,,,,,,,,,,,,,,,,,,,,,,,,,,,,
388,Jamaica,,,,,,,,,,,,,,,,,,,,,,,,,,,,,,,,,,,,,,,,,,,,,,,,,,,,,,,,,,,,,,,,,,,,,,,,,,,,,,,,,,,,,,,,,,,,,,,,,,,,,,,,,,,,,,,,,,,,,,,,,,,,,,,,,,,,,,,,,,,,,,,,,,,,,,,,,,,,,,,,,,,,,,,,,,,,,,,,,,,,,,,,,,,,,,,,,,,,,,,,,,,,,,,,,,,,,,,,,,,,,,,,,,,,,,,,,,,,,,,,,,,,,,,,,,,,,,,,,,,,,,,,,,,,,,,,,,,,,,,,,,,,,,,,,,,,,,,,,,,,,,,,,,,,,,,,,,,,,,,,,,,,,,,,,,,,,,,,,,,,,,,,,,,,,,,,,,,,,,,,,,,,,,,,,,,0.507,,,,,,,,,,0.699,,,,,,,,,,1.192,,,,,,,,,,1.657,,,,,,,,,,2.241,,,,,,,,,,2.503,,,,,,,,,,2.562,,,,,,,,,,2.901,,,,,,,,,,3.131,,,,,,,,,,4.82,,,,,,,,,,5.81,,,,,,,,,,7.25,,,,,,,,,,8.11,,,,,,,,,,8.68,,,,,,,,,,9.08,,,,,,,,,,,,,,,,,,,,,,,,,,,,,,,,,,,,,,,,
392,Japan,,,,,,,,,,,,,,,,,,,,,,,,,,,,,,,,,,,,,,,,,,,,,,,,,,,,,,,,,,,,,,,,,,,,,,,,,,,,,,,,,,,,,,,,,,,,,,,,,,,,,,,,,,,,,,,,,,,,,,,,,,,,,,,,,,,,,,,,,,,,,,,,,,,,,,,,,,,,,,,,,,,,,,,,,,,,,,,,,,,,,,,,,,,,,,,,,,,,,,,,,,,,,,,,,,,,,,,,,,,,,,,,,,,,,,,,,,,,,,,,,,,,,,,,,,,,,,,,,,,,,,,,,,,,,,,,,,,,,,,,,,,,,,,,,,,,,,,,,,,,,,,,,,,,,,,,,,,,,,,,,,,,,,,,,,,,,,,,,,,,,,,,,,,,,,,,,,,,,,,,,,,,,,,,,,,0.97,,,,,,,,,,1.13,,,,,,,,,,1.54,,,,,,,,,,2.18,,,,,,,,,,2.88,,,,,,,,,,3.86,,,,,,,,,,4.95,,,,,,,,,,5.83,,,,,,,,,,6.75,,,,,,,,,,8.63,,,,,,,,,,10.14,,,,,,,,,,11.04,,,,,,,,,,11.84,,,,,,,,,,12.69,,,,,,,,,,13.15,,,,,,,,,,,,,,,,,,,,,,,,,,,,,,,,,,,,,,,,
400,Jordan,,,,,,,,,,,,,,,,,,,,,,,,,,,,,,,,,,,,,,,,,,,,,,,,,,,,,,,,,,,,,,,,,,,,,,,,,,,,,,,,,,,,,,,,,,,,,,,,,,,,,,,,,,,,,,,,,,,,,,,,,,,,,,,,,,,,,,,,,,,,,,,,,,,,,,,,,,,,,,,,,,,,,,,,,,,,,,,,,,,,,,,,,,,,,,,,,,,,,,,,,,,,,,,,,,,,,,,,,,,,,,,,,,,,,,,,,,,,,,,,,,,,,,,,,,,,,,,,,,,,,,,,,,,,,,,,,,,,,,,,,,,,,,,,,,,,,,,,,,,,,,,,,,,,,,,,,,,,,,,,,,,,,,,,,,,,,,,,,,,,,,,,,,,,,,,,,,,,,,,,,,,,,,,,,,,,,,,,,,,,,,,,,,,,,,,,,,,,,,,,,,,,,,,,,,,,,,,,,,,,,,,,,,,,,,,,,,,,,,,,,,,,,,,,,,,1.318969,,,,,,,,,,2.409,,,,,,,,,,3.433,,,,,,,,,,4.578,,,,,,,,,,6.535,,,,,,,,,,8.021,,,,,,,,,,9.176653,,,,,,,,,,,,,,,,,,,,,,,,,,,,,,,,,,,,,,,,
398,Kazakhstan,,,,,,,,,,,,,,,,,,,,,,,,,,,,,,,,,,,,,,,,,,,,,,,,,,,,,,,,,,,,,,,,,,,,,,,,,,,,,,,,,,,,,,,,,,,,,,,,,,,,,,,,,,,,,,,,,,,,,,,,,,,,,,,,,,,,,,,,,,,,,,,,,,,,,,,,,,,,,,,,,,,,,,,,,,,,,,,,,,,,,,,,,,,,,,,,,,,,,,,,,,,,,,,,,,,,,,,,,,,,,,,,,,,,,,,,,,,,,,,,,,,,,,,,,,,,,,,,,,,,,,,,,,,,,,,,,,,,,,,,,,,,,,,,,,,,,,,,,,,,,,,,,,,,,,,,,,,,,,,,,,,,,,,,,,,,,,,,,,,,,,,,,,,,,,,,,,,,,,,,,,,,,,,,,,,,,,,,,,,,,,,,,,,,,,,,,,,,,,,,,,,,,,,,,,,,,,,,,,,,,,,,,,,,,,,,,,,,,,,,,3.02124521,,,,,,,,,,,,,,,,,,,,,,,,,,,,,,6.55219711,,,,,,,,,,8.7263764,,,,,,,,,,9.9735488,,,,,,,,,,10.9448308,,,,,,,,,,11.74799,,,,,,,,,,,,,,,,,,,,,,,,,,,,,,,,,,,,,,,,
404,Kenya,,,,,,,,,,,,,,,,,,,,,,,,,,,,,,,,,,,,,,,,,,,,,,,,,,,,,,,,,,,,,,,,,,,,,,,,,,,,,,,,,,,,,,,,,,,,,,,,,,,,,,,,,,,,,,,,,,,,,,,,,,,,,,,,,,,,,,,,,,,,,,,,,,,,,,,,,,,,,,,,,,,,,,,,,,,,,,,,,,,,,,,,,,,,,,,,,,,,,,,,,,,,,,,,,,,,,,,,,,,,,,,,,,,,,,,,,,,,,,,,,,,,,,,,,,,,,,,,,,,,,,,,,,,,,,,,,,,,,,,,,,,,,,,,,,,,,,,,,,,,,,,,,,,,,,,,,,,,,,,,,,,,,,,,,,,,,,,,,,,,,,,,,,,,,,,,,,,,,,,,,,,,,,,,,,,0.21,,,,,,,,,,0.29,,,,,,,,,,0.37,,,,,,,,,,0.45,,,,,,,,,,0.53,,,,,,,,,,0.61,,,,,,,,,,0.68,,,,,,,,,,0.76,,,,,,,,,,1.19,,,,,,,,,,1.87,,,,,,,,,,2.82,,,,,,,,,,4.01,,,,,,,,,,5.25,,,,,,,,,,6.08,,,,,,,,,,6.46,,,,,,,,,,,,,,,,,,,,,,,,,,,,,,,,,,,,,,,,
417,Kyrgyzstan,,,,,,,,,,,,,,,,,,,,,,,,,,,,,,,,,,,,,,,,,,,,,,,,,,,,,,,,,,,,,,,,,,,,,,,,,,,,,,,,,,,,,,,,,,,,,,,,,,,,,,,,,,,,,,,,,,,,,,,,,,,,,,,,,,,,,,,,,,,,,,,,,,,,,,,,,,,,,,,,,,,,,,,,,,,,,,,,,,,,,,,,,,,,,,,,,,,,,,,,,,,,,,,,,,,,,,,,,,,,,,,,,,,,,,,,,,,,,,,,,,,,,,,,,,,,,,,,,,,,,,,,,,,,,,,,,,,,,,,,,,,,,,,,,,,,,,,,,,,,,,,,,,,,,,,,,,,,,,,,,,,,,,,,,,,,,,,,,,,,,,,,,,,,,,,,,,,,,,,,,,,,,,,,,,,,,,,,,,,,,,,,,,,,,,,,,,,,,,,,,,,,,,,,,,,,,,,,,,,,,,,,,,,,,,,,,,,,,,,,,2.73560957,,,,,,,,,,,,,,,,,,,,,,,,,,,,,,6.40973525,,,,,,,,,,8.8106356,,,,,,,,,,9.941178,,,,,,,,,,10.1688128,,,,,,,,,,10.242323,,,,,,,,,,,,,,,,,,,,,,,,,,,,,,,,,,,,,,,,
418,Laos,,,,,,,,,,,,,,,,,,,,,,,,,,,,,,,,,,,,,,,,,,,,,,,,,,,,,,,,,,,,,,,,,,,,,,,,,,,,,,,,,,,,,,,,,,,,,,,,,,,,,,,,,,,,,,,,,,,,,,,,,,,,,,,,,,,,,,,,,,,,,,,,,,,,,,,,,,,,,,,,,,,,,,,,,,,,,,,,,,,,,,,,,,,,,,,,,,,,,,,,,,,,,,,,,,,,,,,,,,,,,,,,,,,,,,,,,,,,,,,,,,,,,,,,,,,,,,,,,,,,,,,,,,,,,,,,,,,,,,,,,,,,,,,,,,,,,,,,,,,,,,,,,,,,,,,,,,,,,,,,,,,,,,,,,,,,,,,,,,,,,,,,,,,,,,,,,,,,,,,,,,,,,,,,,,,,,,,,,,,,,,,,,,,,,,,,,,,,,,,,,,,,,,,,,,,,,,,,,,,,,,,,,,,,,,,,,,,,,,,,,,,,,,,,,,,1.2050639,,,,,,,,,,1.514,,,,,,,,,,2.008,,,,,,,,,,2.7998132,,,,,,,,,,3.661,,,,,,,,,,4.523,,,,,,,,,,5.523,,,,,,,,,,,,,,,,,,,,,,,,,,,,,,,,,,,,,,,,
428,Latvia,,,,,,,,,,,,,,,,,,,,,,,,,,,,,,,,,,,,,,,,,,,,,,,,,,,,,,,,,,,,,,,,,,,,,,,,,,,,,,,,,,,,,,,,,,,,,,,,,,,,,,,,,,,,,,,,,,,,,,,,,,,,,,,,,,,,,,,,,,,,,,,,,,,,,,,,,,,,,,,,,,,,,,,,,,,,,,,,,,,,,,,,,,,,,,,,,,,,,,,,,,,,,,,,,,,,,,,,,,,,,,,,,,,,,,,,,,,,,,,,,,,,,,,,,,,,,,,,,,,,,,,,,,,,,,,,,,,,,,,,,,,,,,,,,,,,,,,,,,,,,,,,,,,,,,,,,,,,,,,,,,,,,,,,,,,,,,,,,,,,,,,,,,,,,,,,,,,,,,,,,,,,,,,,,,,,,,,,,,,,,,,,,,,,,,,,,,,,,,,,,,,,,,,,,,,,,,,,,,,,,,,,,,,,,,,,,,,,,,,,,,,,,,,,,,,,,,,,,,,,,5.7408948,,,,,,,,,,7.07377033,,,,,,,,,,8.7988336,,,,,,,,,,9.9742887,,,,,,,,,,10.2207377,,,,,,,,,,11.015357,,,,,,,,,,,,,,,,,,,,,,,,,,,,,,,,,,,,,,,,
422,Lebanon,,,,,,,,,,,,,,,,,,,,,,,,,,,,,,,,,,,,,,,,,,,,,,,,,,,,,,,,,,,,,,,,,,,,,,,,,,,,,,,,,,,,,,,,,,,,,,,,,,,,,,,,,,,,,,,,,,,,,,,,,,,,,,,,,,,,,,,,,,,,,,,,,,,,,,,,,,,,,,,,,,,,,,,,,,,,,,,,,,,,,,,,,,,,,,,,,,,,,,,,,,,,,,,,,,,,,,,,,,,,,,,,,,,,,,,,,,,,,,,,,,,,,,,,,,,,,,,,,,,,,,,,,,,,,,,,,,,,,,,,,,,,,,,,,,,,,,,,,,,,,,,,,,,,,,,,,,,,,,,,,,,,,,,,,,,,,,,,,,,,,,,,,,,,,,,,,,,,,,,,,,,,,,,,,,,,,,,,,,,,,,,,,,,,,,,,,,,,,,,,,,,,,,,,,,,,,,,,,,,,,,,,,,,,,,,1.62669558,,,,,,,,,,2.23511136,,,,,,,,,,2.7061179,,,,,,,,,,3.4925726,,,,,,,,,,4.78285002,,,,,,,,,,6.0489746,,,,,,,,,,7.2256147,,,,,,,,,,7.9386704,,,,,,,,,,8.72522,,,,,,,,,,,,,,,,,,,,,,,,,,,,,,,,,,,,,,,,
426,Lesotho,,,,,,,,,,,,,,,,,,,,,,,,,,,,,,,,,,,,,,,,,,,,,,,,,,,,,,,,,,,,,,,,,,,,,,,,,,,,,,,,,,,,,,,,,,,,,,,,,,,,,,,,,,,,,,,,,,,,,,,,,,,,,,,,,,,,,,,,,,,,,,,,,,,,,,,,,,,,,,,,,,,,,,,,,,,,,,,,,,,,,,,,,,,,,,,,,,,,,,,,,,,,,,,,,,,,,,,,,,,,,,,,,,,,,,,,,,,,,,,,,,,,,,,,,,,,,,,,,,,,,,,,,,,,,,,,,,,,,,,,,,,,,,,,,,,,,,,,,,,,,,,,,,,,,,,,,,,,,,,,,,,,,,,,,,,,,,,,,,,,,,,,,,,,,,,,,,,,,,,,,,,,,,,,,,,,,,,,,,,,,,,,,,,,,,,,,,,,,,,,,,,,,,,,,,,,,,,,,,,,,,,,,,,,,,,,,,,,,,,,,,,,,,,,,,,2.187,,,,,,,,,,2.6,,,,,,,,,,3.111,,,,,,,,,,3.784,,,,,,,,,,4.396,,,,,,,,,,5.327,,,,,,,,,,6.589,,,,,,,,,,,,,,,,,,,,,,,,,,,,,,,,,,,,,,,,
430,Liberia,,,,,,,,,,,,,,,,,,,,,,,,,,,,,,,,,,,,,,,,,,,,,,,,,,,,,,,,,,,,,,,,,,,,,,,,,,,,,,,,,,,,,,,,,,,,,,,,,,,,,,,,,,,,,,,,,,,,,,,,,,,,,,,,,,,,,,,,,,,,,,,,,,,,,,,,,,,,,,,,,,,,,,,,,,,,,,,,,,,,,,,,,,,,,,,,,,,,,,,,,,,,,,,,,,,,,,,,,,,,,,,,,,,,,,,,,,,,,,,,,,,,,,,,,,,,,,,,,,,,,,,,,,,,,,,,,,,,,,,,,,,,,,,,,,,,,,,,,,,,,,,,,,,,,,,,,,,,,,,,,,,,,,,,,,,,,,,,,,,,,,,,,,,,,,,,,,,,,,,,,,,,,,,,,,,,,,,,,,,,,,,,,,,,,,,,,,,,,,,,,,,,,,,,,,,,,,,,,,,,,,,,,,,,,,,,,,,,,,,,,,,,,,,,,,,0.4518384,,,,,,,,,,0.729,,,,,,,,,,1.14896697,,,,,,,,,,2.155,,,,,,,,,,2.929,,,,,,,,,,3.485,,,,,,,,,,5.576,,,,,,,,,,,,,,,,,,,,,,,,,,,,,,,,,,,,,,,,
434,Libya,,,,,,,,,,,,,,,,,,,,,,,,,,,,,,,,,,,,,,,,,,,,,,,,,,,,,,,,,,,,,,,,,,,,,,,,,,,,,,,,,,,,,,,,,,,,,,,,,,,,,,,,,,,,,,,,,,,,,,,,,,,,,,,,,,,,,,,,,,,,,,,,,,,,,,,,,,,,,,,,,,,,,,,,,,,,,,,,,,,,,,,,,,,,,,,,,,,,,,,,,,,,,,,,,,,,,,,,,,,,,,,,,,,,,,,,,,,,,,,,,,,,,,,,,,,,,,,,,,,,,,,,,,,,,,,,,,,,,,,,,,,,,,,,,,,,,,,,,,,,,,,,,,,,,,,,,,,,,,,,,,,,,,,,,,,,,,,,,,,,,,,,,,,,,,,,,,,,,,,,,,,,,,,,,,,,,,,,,,,,,,,,,,,,,,,,,,,,,,,,,,,,,,,,,,,,,,,,,,,,,,,,,,,,,,,,,,,,,,,,,,,,,,,,,,,0.4305,,,,,,,,,,0.6776186,,,,,,,,,,1.52269031,,,,,,,,,,3.284,,,,,,,,,,5.093,,,,,,,,,,6.627,,,,,,,,,,8.074,,,,,,,,,,,,,,,,,,,,,,,,,,,,,,,,,,,,,,,,
440,Lithuania,,,,,,,,,,,,,,,,,,,,,,,,,,,,,,,,,,,,,,,,,,,,,,,,,,,,,,,,,,,,,,,,,,,,,,,,,,,,,,,,,,,,,,,,,,,,,,,,,,,,,,,,,,,,,,,,,,,,,,,,,,,,,,,,,,,,,,,,,,,,,,,,,,,,,,,,,,,,,,,,,,,,,,,,,,,,,,,,,,,,,,,,,,,,,,,,,,,,,,,,,,,,,,,,,,,,,,,,,,,,,,,,,,,,,,,,,,,,,,,,,,,,,,,,,,,,,,,,,,,,,,,,,,,,,,,,,,,,,,,,,,,,,,,,,,,,,,,,,,,,,,,,,,,,,,,,,,,,,,,,,,,,,,,,,,,,,,,,,,,,,,,,,,,,,,,,,,,,,,,,,,,,,,,,,,,,,,,,,,,,,,,,,,,,,,,,,,,,,,,,,,,,,,,,,,,,,,,,,,,,,,,,,,,,,,,,,,,,,,,,,,,,,,,,,,,,,,,,,,,,,4.3549047,,,,,,,,,,5.54572461,,,,,,,,,,7.9468654,,,,,,,,,,9.4894649,,,,,,,,,,10.1915423,,,,,,,,,,11.583711,,,,,,,,,,,,,,,,,,,,,,,,,,,,,,,,,,,,,,,,
450,Madagascar,,,,,,,,,,,,,,,,,,,,,,,,,,,,,,,,,,,,,,,,,,,,,,,,,,,,,,,,,,,,,,,,,,,,,,,,,,,,,,,,,,,,,,,,,,,,,,,,,,,,,,,,,,,,,,,,,,,,,,,,,,,,,,,,,,,,,,,,,,,,,,,,,,,,,,,,,,,,,,,,,,,,,,,,,,,,,,,,,,,,,,,,,,,,,,,,,,,,,,,,,,,,,,,,,,,,,,,,,,,,,,,,,,,,,,,,,,,,,,,,,,,,,,,,,,,,,,,,,,,,,,,,,,,,,,,,,,,,,,,,,,,,,,,,,,,,,,,,,,,,,,,,,,,,,,,,,,,,,,,,,,,,,,,,,,,,,,,,,,,,,,,,,,,,,,,,,,,,,,,,,,,,,,,,,,,0.14,,,,,,,,,,0.19,,,,,,,,,,0.24,,,,,,,,,,0.3,,,,,,,,,,0.35,,,,,,,,,,0.42,,,,,,,,,,0.55,,,,,,,,,,0.75,,,,,,,,,,0.96,,,,,,,,,,1.43,,,,,,,,,,1.55,,,,,,,,,,2.12,,,,,,,,,,3.04,,,,,,,,,,3.74,,,,,,,,,,4.13,,,,,,,,,,,,,,,,,,,,,,,,,,,,,,,,,,,,,,,,
454,Malawi,,,,,,,,,,,,,,,,,,,,,,,,,,,,,,,,,,,,,,,,,,,,,,,,,,,,,,,,,,,,,,,,,,,,,,,,,,,,,,,,,,,,,,,,,,,,,,,,,,,,,,,,,,,,,,,,,,,,,,,,,,,,,,,,,,,,,,,,,,,,,,,,,,,,,,,,,,,,,,,,,,,,,,,,,,,,,,,,,,,,,,,,,,,,,,,,,,,,,,,,,,,,,,,,,,,,,,,,,,,,,,,,,,,,,,,,,,,,,,,,,,,,,,,,,,,,,,,,,,,,,,,,,,,,,,,,,,,,,,,,,,,,,,,,,,,,,,,,,,,,,,,,,,,,,,,,,,,,,,,,,,,,,,,,,,,,,,,,,,,,,,,,,,,,,,,,,,,,,,,,,,,,,,,,,,,0.4,,,,,,,,,,0.4,,,,,,,,,,0.4,,,,,,,,,,0.4,,,,,,,,,,0.4,,,,,,,,,,0.4,,,,,,,,,,0.4,,,,,,,,,,0.4,,,,,,,,,,0.4,,,,,,,,,,0.89,,,,,,,,,,1.14,,,,,,,,,,2.129,,,,,,,,,,3.07,,,,,,,,,,4.014,,,,,,,,,,4.77,,,,,,,,,,,,,,,,,,,,,,,,,,,,,,,,,,,,,,,,
458,Malaysia,,,,,,,,,,,,,,,,,,,,,,,,,,,,,,,,,,,,,,,,,,,,,,,,,,,,,,,,,,,,,,,,,,,,,,,,,,,,,,,,,,,,,,,,,,,,,,,,,,,,,,,,,,,,,,,,,,,,,,,,,,,,,,,,,,,,,,,,,,,,,,,,,,,,,,,,,,,,,,,,,,,,,,,,,,,,,,,,,,,,,,,,,,,,,,,,,,,,,,,,,,,,,,,,,,,,,,,,,,,,,,,,,,,,,,,,,,,,,,,,,,,,,,,,,,,,,,,,,,,,,,,,,,,,,,,,,,,,,,,,,,,,,,,,,,,,,,,,,,,,,,,,,,,,,,,,,,,,,,,,,,,,,,,,,,,,,,,,,,,,,,,,,,,,,,,,,,,,,,,,,,,,,,,,,,,0.11,,,,,,,,,,0.12,,,,,,,,,,0.13,,,,,,,,,,0.2,,,,,,,,,,0.24,,,,,,,,,,0.37,,,,,,,,,,0.56,,,,,,,,,,0.92,,,,,,,,,,1.51,,,,,,,,,,2.34,,,,,,,,,,3.77,,,,,,,,,,5.66,,,,,,,,,,7.23,,,,,,,,,,8.95,,,,,,,,,,9.63,,,,,,,,,,,,,,,,,,,,,,,,,,,,,,,,,,,,,,,,
466,Mali,,,,,,,,,,,,,,,,,,,,,,,,,,,,,,,,,,,,,,,,,,,,,,,,,,,,,,,,,,,,,,,,,,,,,,,,,,,,,,,,,,,,,,,,,,,,,,,,,,,,,,,,,,,,,,,,,,,,,,,,,,,,,,,,,,,,,,,,,,,,,,,,,,,,,,,,,,,,,,,,,,,,,,,,,,,,,,,,,,,,,,,,,,,,,,,,,,,,,,,,,,,,,,,,,,,,,,,,,,,,,,,,,,,,,,,,,,,,,,,,,,,,,,,,,,,,,,,,,,,,,,,,,,,,,,,,,,,,,,,,,,,,,,,,,,,,,,,,,,,,,,,,,,,,,,,,,,,,,,,,,,,,,,,,,,,,,,,,,,,,,,,,,,,,,,,,,,,,,,,,,,,,,,,,,,,0.04,,,,,,,,,,0.05,,,,,,,,,,0.06,,,,,,,,,,0.08,,,,,,,,,,0.1,,,,,,,,,,0.11,,,,,,,,,,0.12,,,,,,,,,,0.14,,,,,,,,,,0.15,,,,,,,,,,0.22,,,,,,,,,,0.31,,,,,,,,,,0.71,,,,,,,,,,0.96,,,,,,,,,,1.18,,,,,,,,,,1.51,,,,,,,,,,,,,,,,,,,,,,,,,,,,,,,,,,,,,,,,
478,Mauritania,,,,,,,,,,,,,,,,,,,,,,,,,,,,,,,,,,,,,,,,,,,,,,,,,,,,,,,,,,,,,,,,,,,,,,,,,,,,,,,,,,,,,,,,,,,,,,,,,,,,,,,,,,,,,,,,,,,,,,,,,,,,,,,,,,,,,,,,,,,,,,,,,,,,,,,,,,,,,,,,,,,,,,,,,,,,,,,,,,,,,,,,,,,,,,,,,,,,,,,,,,,,,,,,,,,,,,,,,,,,,,,,,,,,,,,,,,,,,,,,,,,,,,,,,,,,,,,,,,,,,,,,,,,,,,,,,,,,,,,,,,,,,,,,,,,,,,,,,,,,,,,,,,,,,,,,,,,,,,,,,,,,,,,,,,,,,,,,,,,,,,,,,,,,,,,,,,,,,,,,,,,,,,,,,,,,,,,,,,,,,,,,,,,,,,,,,,,,,,,,,,,,,,,,,,,,,,,,,,,,,,,,,,,,,,,,,,,,,,,,,,,,,,,,,,,1.4580002,,,,,,,,,,1.5428492,,,,,,,,,,1.702,,,,,,,,,,2.057,,,,,,,,,,2.5849009,,,,,,,,,,3.381,,,,,,,,,,4.486,,,,,,,,,,,,,,,,,,,,,,,,,,,,,,,,,,,,,,,,
480,Mauritius,,,,,,,,,,,,,,,,,,,,,,,,,,,,,,,,,,,,,,,,,,,,,,,,,,,,,,,,,,,,,,,,,,,,,,,,,,,,,,,,,,,,,,,,,,,,,,,,,,,,,,,,,,,,,,,,,,,,,,,,,,,,,,,,,,,,,,,,,,,,,,,,,,,,,,,,,,,,,,,,,,,,,,,,,,,,,,,,,,,,,,,,,,,,,,,,,,,,,,,,,,,,,,,,,,,,,,,,,,,,,,,,,,,,,,,,,,,,,,,,,,,,,,,,,,,,,,,,,,,,,,,,,,,,,,,,,,,,,,,,,,,,,,,,,,,,,,,,,,,,,,,,,,,,,,,,,,,,,,,,,,,,,,,,,,,,,,,,,,,,,,,,,,,,,,,,,,,,,,,,,0.7519307,,,,,,,,,,0.8820511,,,,,,,,,,0.9337027,,,,,,,,,,1.06047,,,,,,,,,,1.2257771,,,,,,,,,,1.35436064,,,,,,,,,,1.5329385,,,,,,,,,,1.89285873,,,,,,,,,,2.23974996,,,,,,,,,,2.4661928,,,,,,,,,,2.9763801,,,,,,,,,,4.10948747,,,,,,,,,,5.4594253,,,,,,,,,,6.5563518,,,,,,,,,,7.2324845,,,,,,,,,,7.828322,,,,,,,,,,,,,,,,,,,,,,,,,,,,,,,,,,,,,,,,
484,Mexico,,,,,,,,,,,,,,,,,,,,,,,,,,,,,,,,,,,,,,,,,,,,,,,,,,,,,,,,,,,,,,,,,,,,,,,,,,,,,,,,,,,,,,,,,,,,,,,,,,,,,,,,,,,,,,,,,,,,,,,,,,,,,,,,,,,,,,,,,,,,,,,,,,,,,,,,,,,,,,,,,,,,,,,,,,,,,,,,,,,,,,,,,,,,,,,,,,,,,,,,,,,,,,,,,,,,,,,,,,,,,,,,,,,,,,,,,,,,,,,,,,,,,,,,,,,,,,,,,,,,,,,,,,,,,,,,,,,,,,,,,,,,,,,,,,,,,,,,,,,,,,,,,,,,,,,,,,,,,,,,,,,,,,,,,,,,,,,,,,,,,,,,,,,,,,,,,,,,,,,,,,,,,,,,,,,0.56,,,,,,,,,,0.74,,,,,,,,,,0.91,,,,,,,,,,1.09,,,,,,,,,,1.26,,,,,,,,,,1.36,,,,,,,,,,1.52,,,,,,,,,,1.92,,,,,,,,,,2.54,,,,,,,,,,3.42,,,,,,,,,,4.39,,,,,,,,,,5.52,,,,,,,,,,6.92,,,,,,,,,,8.030001,,,,,,,,,,8.48,,,,,,,,,,,,,,,,,,,,,,,,,,,,,,,,,,,,,,,,
498,Moldova,,,,,,,,,,,,,,,,,,,,,,,,,,,,,,,,,,,,,,,,,,,,,,,,,,,,,,,,,,,,,,,,,,,,,,,,,,,,,,,,,,,,,,,,,,,,,,,,,,,,,,,,,,,,,,,,,,,,,,,,,,,,,,,,,,,,,,,,,,,,,,,,,,,,,,,,,,,,,,,,,,,,,,,,,,,,,,,,,,,,,,,,,,,,,,,,,,,,,,,,,,,,,,,,,,,,,,,,,,,,,,,,,,,,,,,,,,,,,,,,,,,,,,,,,,,,,,,,,,,,,,,,,,,,,,,,,,,,,,,,,,,,,,,,,,,,,,,,,,,,,,,,,,,,,,,,,,,,,,,,,,,,,,,,,,,,,,,,,,,,,,,,,,,,,,,,,,,,,,,,,,,,,,,,,,,,,,,,,,,,,,,,,,,,,,,,,,,,,,,,,,,,,,,,,,,,,,,,,,,,,,,,,,,,,,,,,,,,,,,,,,,,,,,,,,,,,,,,,,,,,,,,,,,,,,,6.18853735,,,,,,,,,,8.1241989,,,,,,,,,,9.2801245,,,,,,,,,,9.6623279,,,,,,,,,,9.985717,,,,,,,,,,,,,,,,,,,,,,,,,,,,,,,,,,,,,,,,
504,Morocco,,,,,,,,,,,,,,,,,,,,,,,,,,,,,,,,,,,,,,,,,,,,,,,,,,,,,,,,,,,,,,,,,,,,,,,,,,,,,,,,,,,,,,,,,,,,,,,,,,,,,,,,,,,,,,,,,,,,,,,,,,,,,,,,,,,,,,,,,,,,,,,,,,,,,,,,,,,,,,,,,,,,,,,,,,,,,,,,,,,,,,,,,,,,,,,,,,,,,,,,,,,,,,,,,,,,,,,,,,,,,,,,,,,,,,,,,,,,,,,,,,,,,,,,,,,,,,,,,,,,,,,,,,,,,,,,,,,,,,,,,,,,,,,,,,,,,,,,,,,,,,,,,,,,,,,,,,,,,,,,,,,,,,,,,,,,,,,,,,,,,,,,,,,,,,,,,,,,,,,,,,,,,,,,,,,0.05,,,,,,,,,,0.06,,,,,,,,,,0.08,,,,,,,,,,0.1,,,,,,,,,,0.15,,,,,,,,,,0.21,,,,,,,,,,0.24,,,,,,,,,,0.32,,,,,,,,,,0.4,,,,,,,,,,0.63,,,,,,,,,,1.03,,,,,,,,,,1.58,,,,,,,,,,2.55,,,,,,,,,,3.7,,,,,,,,,,4.39,,,,,,,,,,,,,,,,,,,,,,,,,,,,,,,,,,,,,,,,
508,Mozambique,,,,,,,,,,,,,,,,,,,,,,,,,,,,,,,,,,,,,,,,,,,,,,,,,,,,,,,,,,,,,,,,,,,,,,,,,,,,,,,,,,,,,,,,,,,,,,,,,,,,,,,,,,,,,,,,,,,,,,,,,,,,,,,,,,,,,,,,,,,,,,,,,,,,,,,,,,,,,,,,,,,,,,,,,,,,,,,,,,,,,,,,,,,,,,,,,,,,,,,,,,,,,,,,,,,,,,,,,,,,,,,,,,,,,,,,,,,,,,,,,,,,,,,,,,,,,,,,,,,,,,,,,,,,,,,,,,,,,,,,,,,,,,,,,,,,,,,,,,,,,,,,,,,,,,,,,,,,,,,,,,,,,,,,,,,,,,,,,,,,,,,,,,,,,,,,,,,,,,,,,,,,,,,,,,,0.06,,,,,,,,,,0.08,,,,,,,,,,0.1,,,,,,,,,,0.12,,,,,,,,,,0.14,,,,,,,,,,0.15,,,,,,,,,,0.17,,,,,,,,,,0.19,,,,,,,,,,0.24,,,,,,,,,,0.45,,,,,,,,,,0.8,,,,,,,,,,1.05,,,,,,,,,,2.03,,,,,,,,,,2.39,,,,,,,,,,2.68,,,,,,,,,,,,,,,,,,,,,,,,,,,,,,,,,,,,,,,,
104,Myanmar,,,,,,,,,,,,,,,,,,,,,,,,,,,,,,,,,,,,,,,,,,,,,,,,,,,,,,,,,,,,,,,,,,,,,,,,,,,,,,,,,,,,,,,,,,,,,,,,,,,,,,,,,,,,,,,,,,,,,,,,,,,,,,,,,,,,,,,,,,,,,,,,,,,,,,,,,,,,,,,,,,,,,,,,,,,,,,,,,,,,,,,,,,,,,,,,,,,,,,,,,,,,,,,,,,,,,,,,,,,,,,,,,,,,,,,,,,,,,,,,,,,,,,,,,,,,,,,,,,,,,,,,,,,,,,,,,,,,,,,,,,,,,,,,,,,,,,,,,,,,,,,,,,,,,,,,,,,,,,,,,,,,,,,,,,,,,,,,,,,,,,,,,,,,,,,,,,,,,,,,,,,,,,,,,,,0.026,,,,,,,,,,0.039,,,,,,,,,,0.195,,,,,,,,,,0.439,,,,,,,,,,0.673,,,,,,,,,,0.888,,,,,,,,,,1.09,,,,,,,,,,1.273,,,,,,,,,,1.436,,,,,,,,,,2.39,,,,,,,,,,3.23,,,,,,,,,,3.95,,,,,,,,,,4.68,,,,,,,,,,5.21,,,,,,,,,,5.7,,,,,,,,,,,,,,,,,,,,,,,,,,,,,,,,,,,,,,,,
516,Namibia,,,,,,,,,,,,,,,,,,,,,,,,,,,,,,,,,,,,,,,,,,,,,,,,,,,,,,,,,,,,,,,,,,,,,,,,,,,,,,,,,,,,,,,,,,,,,,,,,,,,,,,,,,,,,,,,,,,,,,,,,,,,,,,,,,,,,,,,,,,,,,,,,,,,,,,,,,,,,,,,,,,,,,,,,,,,,,,,,,,,,,,,,,,,,,,,,,,,,,,,,,,,,,,,,,,,,,,,,,,,,,,,,,,,,,,,,,,,,,,,,,,,,,,,,,,,,,,,,,,,,,,,,,,,,,,,,,,,,,,,,,,,,,,,,,,,,,,,,,,,,,,,,,,,,,,,,,,,,,,,,,,,,,,,,,,,,,,,,,,,,,,,,,,,,,,,,,,,,,,,,,,,,,,,,,,,,,,,,,,,,,,,,,,,,,,,,,,,,,,,,,,,,,,,,,,,,,,,,,,,,,,,,,,,,,,,,,,,,,,,,,,,,,,,,,,2.4905,,,,,,,,,,3.1271221,,,,,,,,,,4.09813437,,,,,,,,,,5.1855,,,,,,,,,,6.355,,,,,,,,,,5.8931522,,,,,,,,,,6.126292,,,,,,,,,,,,,,,,,,,,,,,,,,,,,,,,,,,,,,,,
524,Nepal,,,,,,,,,,,,,,,,,,,,,,,,,,,,,,,,,,,,,,,,,,,,,,,,,,,,,,,,,,,,,,,,,,,,,,,,,,,,,,,,,,,,,,,,,,,,,,,,,,,,,,,,,,,,,,,,,,,,,,,,,,,,,,,,,,,,,,,,,,,,,,,,,,,,,,,,,,,,,,,,,,,,,,,,,,,,,,,,,,,,,,,,,,,,,,,,,,,,,,,,,,,,,,,,,,,,,,,,,,,,,,,,,,,,,,,,,,,,,,,,,,,,,,,,,,,,,,,,,,,,,,,,,,,,,,,,,,,,,,,,,,,,,,,,,,,,,,,,,,,,,,,,,,,,,,,,,,,,,,,,,,,,,,,,,,,,,,,,,,,,,,,,,,,,,,,,,,,,,,,,,,,,,,,,,,,,,,,,,,,,,,,,,,,,,,,,,,,,,,,,,,,,,,,,,,,,,,,,,,,,,,,,,,,,,,,,,,,,,,,,,,,,,,,,,,,,,,,,,,,,,0.2742382,,,,,,,,,,0.43824246,,,,,,,,,,0.8436665,,,,,,,,,,1.6230493,,,,,,,,,,3.1841815,,,,,,,,,,4.365874,,,,,,,,,,,,,,,,,,,,,,,,,,,,,,,,,,,,,,,,
528,Netherlands,,,,,,,,,,,,,,,,,,,,,,,,,,,,,,,,,,,,,,,,,,,,,,,,,,,,,,,,,,,,,,,,,,,,,,,,,,,,,,,,,,,,,,,,,,,,,,,,,,,,,,,,,,,,,,,,,,,,,,,,,,,,,,,,,,,,,,,,,,,,,,,,,,,,,,,,,,,,,,,,,,,,,,,,,,,,,,,,,,,,,,,,,,,,,,,,,,,,,,,,,,,,,,,,,,,,,,,,,,,,,,,,,,,,,,,,,,,,,,,,,,,,,,,,,,,,,,,,,,,,,,,,,,,,,,,,,,,,,,,,,,,,,,,,,,,,,,,,,,,,,,,,,,,,,,,,,,,,,,,,,2,,,,,,,,,,2,,,,,,,,,,2.5,,,,,,,,,,3,,,,,,,,,,4,,,,,,,,,,5.09,,,,,,,,,,5.25,,,,,,,,,,5.42,,,,,,,,,,5.6,,,,,,,,,,5.82,,,,,,,,,,6.09,,,,,,,,,,6.37,,,,,,,,,,6.76,,,,,,,,,,7.1,,,,,,,,,,8,,,,,,,,,,9.02,,,,,,,,,,10.01,,,,,,,,,,10.66,,,,,,,,,,11.28,,,,,,,,,,11.53,,,,,,,,,,,,,,,,,,,,,,,,,,,,,,,,,,,,,,,,
554,New Zealand,,,,,,,,,,,,,,,,,,,,,,,,,,,,,,,,,,,,,,,,,,,,,,,,,,,,,,,,,,,,,,,,,,,,,,,,,,,,,,,,,,,,,,,,,,,,,,,,,,,,,,,,,,,,,,,,,,,,,,,,,,,,,,,,,,,,,,,,,,,,,,,,,,,,,,,,,,,,,,,,,,,,,,,,,,,,,,,,,,,,,,,,,,,,,,,,,,,,,,,,,,,,,,,,,,,,,,,,,,,,,,,,,,,,,,,,,,,,,,,,,,,,,,,,,,,,,,,,,,,,,,,,,,,,,,,,,,,,,,,,,,,,,,,,,,,,,,,,,,,,,,,,,,,,,,,,,,,,,,,,,,,,,,,,,,,,,,,,,,,,,,,,,,,,,,,,,,,,,,,,,,,,,,,,,,,3.91,,,,,,,,,,4.46,,,,,,,,,,5.23,,,,,,,,,,6.25,,,,,,,,,,7,,,,,,,,,,7.52,,,,,,,,,,8.059999,,,,,,,,,,8.440001,,,,,,,,,,8.73,,,,,,,,,,8.95,,,,,,,,,,9.59,,,,,,,,,,10.44,,,,,,,,,,11.02,,,,,,,,,,12.12,,,,,,,,,,12.33,,,,,,,,,,,,,,,,,,,,,,,,,,,,,,,,,,,,,,,,
558,Nicaragua,,,,,,,,,,,,,,,,,,,,,,,,,,,,,,,,,,,,,,,,,,,,,,,,,,,,,,,,,,,,,,,,,,,,,,,,,,,,,,,,,,,,,,,,,,,,,,,,,,,,,,,,,,,,,,,,,,,,,,,,,,,,,,,,,,,,,,,,,,,,,,,,,,,,,,,,,,,,,,,,,,,,,,,,,,,,,,,,,,,,,,,,,,,,,,,,,,,,,,,,,,,,,,,,,,,,,,,,,,,,,,,,,,,,,,,,,,,,,,,,,,,,,,,,,,,,,,,,,,,,,,,,,,,,,,,,,,,,,,,,,,,,,,,,,,,,,,,,,,,,,,,,,,,,,,,,,,,,,,,,,,,,,,,,,,,,,,,,,,,,,,,,,,,,,,,,,,,,,,,,,,,,,,,,,,,0.54,,,,,,,,,,0.71,,,,,,,,,,0.89,,,,,,,,,,0.99,,,,,,,,,,1.07,,,,,,,,,,1.11,,,,,,,,,,1.3,,,,,,,,,,1.46,,,,,,,,,,1.8,,,,,,,,,,2.3,,,,,,,,,,2.6,,,,,,,,,,4.03,,,,,,,,,,5.4,,,,,,,,,,6.45,,,,,,,,,,7.05,,,,,,,,,,,,,,,,,,,,,,,,,,,,,,,,,,,,,,,,
562,Niger,,,,,,,,,,,,,,,,,,,,,,,,,,,,,,,,,,,,,,,,,,,,,,,,,,,,,,,,,,,,,,,,,,,,,,,,,,,,,,,,,,,,,,,,,,,,,,,,,,,,,,,,,,,,,,,,,,,,,,,,,,,,,,,,,,,,,,,,,,,,,,,,,,,,,,,,,,,,,,,,,,,,,,,,,,,,,,,,,,,,,,,,,,,,,,,,,,,,,,,,,,,,,,,,,,,,,,,,,,,,,,,,,,,,,,,,,,,,,,,,,,,,,,,,,,,,,,,,,,,,,,,,,,,,,,,,,,,,,,,,,,,,,,,,,,,,,,,,,,,,,,,,,,,,,,,,,,,,,,,,,,,,,,,,,,,,,,,,,,,,,,,,,,,,,,,,,,,,,,,,,,,,,,,,,,,0.01,,,,,,,,,,0.01,,,,,,,,,,0.01,,,,,,,,,,0.02,,,,,,,,,,0.02,,,,,,,,,,0.02,,,,,,,,,,0.02,,,,,,,,,,0.02,,,,,,,,,,0.04,,,,,,,,,,0.07,,,,,,,,,,0.14,,,,,,,,,,0.39,,,,,,,,,,0.76,,,,,,,,,,1.03,,,,,,,,,,1.31,,,,,,,,,,,,,,,,,,,,,,,,,,,,,,,,,,,,,,,,
566,Nigeria,,,,,,,,,,,,,,,,,,,,,,,,,,,,,,,,,,,,,,,,,,,,,,,,,,,,,,,,,,,,,,,,,,,,,,,,,,,,,,,,,,,,,,,,,,,,,,,,,,,,,,,,,,,,,,,,,,,,,,,,,,,,,,,,,,,,,,,,,,,,,,,,,,,,,,,,,,,,,,,,,,,,,,,,,,,,,,,,,,,,,,,,,,,,,,,,,,,,,,,,,,,,,,,,,,,,,,,,,,,,,,,,,,,,,,,,,,,,,,,,,,,,,,,,,,,,,,,,,,,,,,,,,,,,,,,,,,,,,,,,,,,,,,,,,,,,,,,,,,,,,,,,,,,,,,,,,,,,,,,,,,,,,,,,,,,,,,,,,,,,,,,,,,,,,,,,,,,,,,,,,,,,,,,,,,,0.01,,,,,,,,,,0.01,,,,,,,,,,0.01,,,,,,,,,,0.01,,,,,,,,,,0.01,,,,,,,,,,0.01,,,,,,,,,,0.04,,,,,,,,,,0.21,,,,,,,,,,0.38,,,,,,,,,,1.06,,,,,,,,,,1.3,,,,,,,,,,1.47,,,,,,,,,,2.72,,,,,,,,,,3.99,,,,,,,,,,4.48,,,,,,,,,,,,,,,,,,,,,,,,,,,,,,,,,,,,,,,,
408,North Korea,,,,,,,,,,,,,,,,,,,,,,,,,,,,,,,,,,,,,,,,,,,,,,,,,,,,,,,,,,,,,,,,,,,,,,,,,,,,,,,,,,,,,,,,,,,,,,,,,,,,,,,,,,,,,,,,,,,,,,,,,,,,,,,,,,,,,,,,,,,,,,,,,,,,,,,,,,,,,,,,,,,,,,,,,,,,,,,,,,,,,,,,,,,,,,,,,,,,,,,,,,,,,,,,,,,,,,,,,,,,,,,,,,,,,,,,,,,,,,,,,,,,,,,,,,,,,,,,,,,,,,,,,,,,,,,,,,,,,,,,,,,,,,,,,,,,,,,,,,,,,,,,,,,,,,,,,,,,,,,,,,,,,,,,,,,,,,,,,,,,,,,,,,,,,,,,,,,,,,,,,,,,,,,,,,,,,,,,,,,,,,,,,,,,,,,,,,,,,,,,,,,,,,,,,,,0.01839447,,,,,,,,,,0.0724616,,,,,,,,,,0.24335253,,,,,,,,,,0.58639982,,,,,,,,,,1.6554197,,,,,,,,,,3.6395817,,,,,,,,,,5.12435289,,,,,,,,,,7.1079377,,,,,,,,,,,,,,,,,,,,,,,,,,,,,,,,,,,,,,,,,,,,,,,,,,,,,,,,,,,,,,,,,,,,,,
578,Norway,,,,,,,,,,,,,,,,,,,,,,,,,,,,,,,,,,,,,,,,,,,,,,,,,,,,,,,,,,,,,,,,,,,,,,,,,,,,,,,,,,,,,,,,,,,,,,,,,,,,,,,,,,,,,,,,,,,,,,,,,,,,,,,,,,,,,,,,,,,,,,,,,,,,,,,,,,,,,,,,,,,,,,,,,,,,,,,,,,,,,,,,,,,,,,,,,,,,,,,,,,,,,,,,,,,,,,,,,,,,,,,,,,,,,,,,,,,,,,,,,,,,,,,,,,,,,,,,,,,,,,,,,,,,,,,,,,,,,,,,,,,,,,,,,,,,,,,,,,,,,,,,,,,,,,,,,,,,,,,,,,,,,,,,,,,,,,,,,,,,,,,,,,,,,,,5.6945325,,,,,,,,,,5.5766652,,,,,,,,,,5.68,,,,,,,,,,5.66,,,,,,,,,,5.71,,,,,,,,,,5.77,,,,,,,,,,5.98,,,,,,,,,,6.26,,,,,,,,,,6.48,,,,,,,,,,6.95,,,,,,,,,,7.55,,,,,,,,,,8.83,,,,,,,,,,10.04,,,,,,,,,,11.3,,,,,,,,,,12.1,,,,,,,,,,12.41,,,,,,,,,,12.6,,,,,,,,,,,,,,,,,,,,,,,,,,,,,,,,,,,,,,,,
586,Pakistan,,,,,,,,,,,,,,,,,,,,,,,,,,,,,,,,,,,,,,,,,,,,,,,,,,,,,,,,,,,,,,,,,,,,,,,,,,,,,,,,,,,,,,,,,,,,,,,,,,,,,,,,,,,,,,,,,,,,,,,,,,,,,,,,,,,,,,,,,,,,,,,,,,,,,,,,,,,,,,,,,,,,,,,,,,,,,,,,,,,,,,,,,,,,,,,,,,,,,,,,,,,,,,,,,,,,,,,,,,,,,,,,,,,,,,,,,,,,,,,,,,,,,,,,,,,,,,,,,,,,,,,,,,,,,,,,,,,,,,,,,,,,,,,,,,,,,,,,,,,,,,,,,,,,,,,,,,,,,,,,,,,,,,,,,,,,,,,,,,,,,,,,,,,,,,,,,,,,,,,,,,,,,,,,,,,0.08,,,,,,,,,,0.11,,,,,,,,,,0.15,,,,,,,,,,0.29,,,,,,,,,,0.37,,,,,,,,,,0.51,,,,,,,,,,0.7,,,,,,,,,,0.9299999,,,,,,,,,,1.17,,,,,,,,,,1.43,,,,,,,,,,1.72,,,,,,,,,,2.38,,,,,,,,,,3.25,,,,,,,,,,4.22,,,,,,,,,,5.97,,,,,,,,,,,,,,,,,,,,,,,,,,,,,,,,,,,,,,,,
591,Panama,,,,,,,,,,,,,,,,,,,,,,,,,,,,,,,,,,,,,,,,,,,,,,,,,,,,,,,,,,,,,,,,,,,,,,,,,,,,,,,,,,,,,,,,,,,,,,,,,,,,,,,,,,,,,,,,,,,,,,,,,,,,,,,,,,,,,,,,,,,,,,,,,,,,,,,,,,,,,,,,,,,,,,,,,,,,,,,,,,,,,,,,,,,,,,,,,,,,,,,,,,,,,,,,,,,,,,,,,,,,,,,,,,,,,,,,,,,,,,,,,,,,,,,,,,,,,,,,,,,,,,,,,,,,,,,,,,,,,,,,,,,,,,,,,,,,,,,,,,,,,,,,,,,,,,,,,,,,,,,,,,,,,,,,,,,,,,,,,,,,,,,,,,,,,,,,,,,,,,,,,,,,,,,,,,,0.78,,,,,,,,,,1.04,,,,,,,,,,1.28,,,,,,,,,,1.53,,,,,,,,,,1.79,,,,,,,,,,2.04,,,,,,,,,,2.36,,,,,,,,,,2.91,,,,,,,,,,3.41,,,,,,,,,,4.7,,,,,,,,,,5.36,,,,,,,,,,7.04,,,,,,,,,,7.98,,,,,,,,,,8.63,,,,,,,,,,9.059999,,,,,,,,,,,,,,,,,,,,,,,,,,,,,,,,,,,,,,,,
600,Paraguay,,,,,,,,,,,,,,,,,,,,,,,,,,,,,,,,,,,,,,,,,,,,,,,,,,,,,,,,,,,,,,,,,,,,,,,,,,,,,,,,,,,,,,,,,,,,,,,,,,,,,,,,,,,,,,,,,,,,,,,,,,,,,,,,,,,,,,,,,,,,,,,,,,,,,,,,,,,,,,,,,,,,,,,,,,,,,,,,,,,,,,,,,,,,,,,,,,,,,,,,,,,,,,,,,,,,,,,,,,,,,,,,,,,,,,,,,,,,,,,,,,,,,,,,,,,,,,,,,,,,,,,,,,,,,,,,,,,,,,,,,,,,,,,,,,,,,,,,,,,,,,,,,,,,,,,,,,,,,,,,,,,,,,,,,,,,,,,,,,,,,,,,,,,,,,,,,,,,,,,,,,,,,,,,,,,0.63,,,,,,,,,,0.78,,,,,,,,,,0.9299999,,,,,,,,,,1.1,,,,,,,,,,1.37,,,,,,,,,,1.81,,,,,,,,,,2.44,,,,,,,,,,2.96,,,,,,,,,,3.73,,,,,,,,,,4.11,,,,,,,,,,4.64,,,,,,,,,,5.32,,,,,,,,,,6.08,,,,,,,,,,6.67,,,,,,,,,,7.07,,,,,,,,,,,,,,,,,,,,,,,,,,,,,,,,,,,,,,,,
604,Peru,,,,,,,,,,,,,,,,,,,,,,,,,,,,,,,,,,,,,,,,,,,,,,,,,,,,,,,,,,,,,,,,,,,,,,,,,,,,,,,,,,,,,,,,,,,,,,,,,,,,,,,,,,,,,,,,,,,,,,,,,,,,,,,,,,,,,,,,,,,,,,,,,,,,,,,,,,,,,,,,,,,,,,,,,,,,,,,,,,,,,,,,,,,,,,,,,,,,,,,,,,,,,,,,,,,,,,,,,,,,,,,,,,,,,,,,,,,,,,,,,,,,,,,,,,,,,,,,,,,,,,,,,,,,,,,,,,,,,,,,,,,,,,,,,,,,,,,,,,,,,,,,,,,,,,,,,,,,,,,,,,,,,,,,,,,,,,,,,,,,,,,,,,,,,,,,,,,,,,,,,,,,,,,,,,,0.28,,,,,,,,,,0.35,,,,,,,,,,0.42,,,,,,,,,,0.48,,,,,,,,,,0.63,,,,,,,,,,1.16,,,,,,,,,,1.7,,,,,,,,,,1.89,,,,,,,,,,2.58,,,,,,,,,,3.12,,,,,,,,,,4.32,,,,,,,,,,5.79,,,,,,,,,,7.22,,,,,,,,,,8.34,,,,,,,,,,8.87,,,,,,,,,,,,,,,,,,,,,,,,,,,,,,,,,,,,,,,,
608,Philippines,,,,,,,,,,,,,,,,,,,,,,,,,,,,,,,,,,,,,,,,,,,,,,,,,,,,,,,,,,,,,,,,,,,,,,,,,,,,,,,,,,,,,,,,,,,,,,,,,,,,,,,,,,,,,,,,,,,,,,,,,,,,,,,,,,,,,,,,,,,,,,,,,,,,,,,,,,,,,,,,,,,,,,,,,,,,,,,,,,,,,,,,,,,,,,,,,,,,,,,,,,,,,,,,,,,,,,,,,,,,,,,,,,,,,,,,,,,,,,,,,,,,,,,,,,,,,,,,,,,,,,,,,,,,,,,,,,,,,,,,,,,,,,,,,,,,,,,,,,,,,,,,,,,,,,,,,,,,,,,,,,,,,,,,,,,,,,,,,,,,,,,,,,,,,,,,,,,,,,,,,,,,,,,,,,,0.14,,,,,,,,,,0.17,,,,,,,,,,0.19,,,,,,,,,,0.23,,,,,,,,,,0.29,,,,,,,,,,0.85,,,,,,,,,,1.36,,,,,,,,,,2.02,,,,,,,,,,2.74,,,,,,,,,,3.67,,,,,,,,,,4.55,,,,,,,,,,5.79,,,,,,,,,,6.98,,,,,,,,,,7.96,,,,,,,,,,8.24,,,,,,,,,,,,,,,,,,,,,,,,,,,,,,,,,,,,,,,,
616,Poland,,,,,,,,,,,,,,,,,,,,,,,,,,,,,,,,,,,,,,,,,,,,,,,,,,,,,,,,,,,,,,,,,,,,,,,,,,,,,,,,,,,,,,,,,,,,,,,,,,,,,,,,,,,,,,,,,,,,,,,,,,,,,,,,,,,,,,,,,,,,,,,,,,,,,,,,,,,,,,,,,,,,,,,,,,,,,,,,,,,,,,,,,,,,,,,,,,,,,,,,,,,,,,,,,,,,,,,,,,,,,,,,,,,,,,,,,,,,,,,,,,,,,,,,,,,,,,,,,,,,,,,,,,,,,,,,,,,,,,,,,,,,,,,,,,,,,,,,,,,,,,,,,,,,,,,,,,,,,,,,,,,,,,,,,,,,,,,,,,,,,,,,,,,,,,,,,,,,,,,,,,,,,,,,,,,,,,,,,,,,,,,,,,,,,,,,,,,,,,,,,,,,,,,,,,,,,,,,,,,,,2.3512857,,,,,,,,,,2.49567371,,,,,,,,,,3.00132417,,,,,,,,,,3.1618687,,,,,,,,,,4.2317401,,,,,,,,,,5.34203082,,,,,,,,,,6.7180392,,,,,,,,,,7.5622875,,,,,,,,,,8.8084393,,,,,,,,,,9.696476,,,,,,,,,,,,,,,,,,,,,,,,,,,,,,,,,,,,,,,,
620,Portugal,,,,,,,,,,,,,,,,,,,,,,,,,,,,,,,,,,,,,,,,,,,,,,,,,,,,,,,,,,,,,,,,,,,,,,,,,,,,,,,,,,,,,,,,,,,,,,,,,,,,,,,,,,,,,,,,,,,,,,,,,,,,,,,,,,,,,,,,,,,,,,,,,,,,,,,,,,,,,,,,,,,,,,,,,,,,,,,,,,,,,,,,,,,,,,,,,,,,,,,,,,,,,,,,,,,,,,,,,,,,,,,,,,,,,,,,,,,,,,,,,,,,,,,,,,,,,,,,,,,,,,,,,,,,,,,,,,,,,,,,,,,,,,,,,,,,,,,,,,,,,,,,,,,,,,,,,,,,,,,,,,,,,,,,,,,,,,,,,,,,,,,,,,,,,,,,,,,,,,,,,,,,,,,,,,,0.46,,,,,,,,,,0.72,,,,,,,,,,1.03,,,,,,,,,,1.38,,,,,,,,,,1.6,,,,,,,,,,1.8,,,,,,,,,,1.95,,,,,,,,,,2.13,,,,,,,,,,2.5,,,,,,,,,,3.22,,,,,,,,,,4.19,,,,,,,,,,5.67,,,,,,,,,,5.98,,,,,,,,,,7.34,,,,,,,,,,7.82,,,,,,,,,,,,,,,,,,,,,,,,,,,,,,,,,,,,,,,,
642,Romania,,,,,,,,,,,,,,,,,,,,,,,,,,,,,,,,,,,,,,,,,,,,,,,,,,,,,,,,,,,,,,,,,,,,,,,,,,,,,,,,,,,,,,,,,,,,,,,,,,,,,,,,,,,,,,,,,,,,,,,,,,,,,,,,,,,,,,,,,,,,,,,,,,,,,,,,,,,,,,,,,,,,,,,,,,,,,,,,,,,,,,,,,,,,,,,,,,,,,,,,,,,,,,,,,,,,,,,,,,,,,,,,,,,,,,,,,,,,,,,,,,,,,,,,,,,,,,,,,,,,,,,,,,,,,,,,,,,,,,,,,,,,,,,,,,,,,,,,,,,,,,,,,,,,,,,,,,,,,,,,,,,,,,,,,,,,,,,,,,,,,,,,,,,,,,,,,,,,,,,,,,,,,,,,,,,,,,,,,,,,,,,,,,,,,,,,,,,,,,,,,0.8365753,,,,,,,,,,1.35934929,,,,,,,,,,2.1498631,,,,,,,,,,3.2263585,,,,,,,,,,4.26090099,,,,,,,,,,5.5883799,,,,,,,,,,6.844806,,,,,,,,,,7.11442066,,,,,,,,,,8.1470329,,,,,,,,,,9.1038246,,,,,,,,,,9.7879033,,,,,,,,,,10.356632,,,,,,,,,,,,,,,,,,,,,,,,,,,,,,,,,,,,,,,,
643,Russia,,,,,,,,,,,,,,,,,,,,,,,,,,,,,,,,,,,,,,,,,,,,,,,,,,,,,,,,,,,,,,,,,,,,,,,,,,,,,,,,,,,,,,,,,,,,,,,,,,,,,,,,,,,,,,,,,,,,,,,,,,,,,,,,,,,,,,,,,,,,,,,,,,,,,,,,,,,,,,,,,,,,,,,,,,,,,,,,,,,,,,,,,,,,,,,,,,,,,,,,,,,,,,,,,,,,,,,,,,,,,,,,,,,,,,,,,,,,,,,,,,,,,,,,,,,,,,,,,,,,,,,,,,,,,,,,,,,,,,,,,,,,,,,,,,,,,,,,,,,,,,,,,,,,,,,,,,,,,,,,,,,,,,,,,,,,,,,,,,,,,,,,,,,,,,,,,,,,,,,,,,,,,,,,,,,0.9,,,,,,,,,,1,,,,,,,,,,1.1,,,,,,,,,,1.2,,,,,,,,,,1.3,,,,,,,,,,1.91,,,,,,,,,,2.51,,,,,,,,,,3.94,,,,,,,,,,5.01,,,,,,,,,,6.62,,,,,,,,,,7.93,,,,,,,,,,9.08,,,,,,,,,,9.83,,,,,,,,,,9.41,,,,,,,,,,9.610001,,,,,,,,,,,,,,,,,,,,,,,,,,,,,,,,,,,,,,,,
646,Rwanda,,,,,,,,,,,,,,,,,,,,,,,,,,,,,,,,,,,,,,,,,,,,,,,,,,,,,,,,,,,,,,,,,,,,,,,,,,,,,,,,,,,,,,,,,,,,,,,,,,,,,,,,,,,,,,,,,,,,,,,,,,,,,,,,,,,,,,,,,,,,,,,,,,,,,,,,,,,,,,,,,,,,,,,,,,,,,,,,,,,,,,,,,,,,,,,,,,,,,,,,,,,,,,,,,,,,,,,,,,,,,,,,,,,,,,,,,,,,,,,,,,,,,,,,,,,,,,,,,,,,,,,,,,,,,,,,,,,,,,,,,,,,,,,,,,,,,,,,,,,,,,,,,,,,,,,,,,,,,,,,,,,,,,,,,,,,,,,,,,,,,,,,,,,,,,,,,,,,,,,,,,,,,,,,,,,,,,,,,,,,,,,,,,,,,,,,,,,,,,,,,,,,,,,,,,,,,,,,,,,,,,,,,,,,,,,,,,,,,,,,,,,,,,,,,,,0.2862508,,,,,,,,,,0.6843986,,,,,,,,,,1.023,,,,,,,,,,1.5047382,,,,,,,,,,2.024,,,,,,,,,,2.7746049,,,,,,,,,,3.478,,,,,,,,,,,,,,,,,,,,,,,,,,,,,,,,,,,,,,,,
682,Saudi Arabia,,,,,,,,,,,,,,,,,,,,,,,,,,,,,,,,,,,,,,,,,,,,,,,,,,,,,,,,,,,,,,,,,,,,,,,,,,,,,,,,,,,,,,,,,,,,,,,,,,,,,,,,,,,,,,,,,,,,,,,,,,,,,,,,,,,,,,,,,,,,,,,,,,,,,,,,,,,,,,,,,,,,,,,,,,,,,,,,,,,,,,,,,,,,,,,,,,,,,,,,,,,,,,,,,,,,,,,,,,,,,,,,,,,,,,,,,,,,,,,,,,,,,,,,,,,,,,,,,,,,,,,,,,,,,,,,,,,,,,,,,,,,,,,,,,,,,,,,,,,,,,,,,,,,,,,,,,,,,,,,,,,,,,,,,,,,,,,,,,,,,,,,,,,,,,,,,,,,,,,,,,,,,,,,,,,,,,,,,,,,,,,,,,,,,,,,,,,,,,,,,,,,,,,,,,,,,,,,,,,,,,,,,,,,,,,,,,,,,,,,,,,,,,,,,,,2.751,,,,,,,,,,2.99,,,,,,,,,,3.258,,,,,,,,,,4.375,,,,,,,,,,5.911,,,,,,,,,,7.056,,,,,,,,,,8.475028,,,,,,,,,,,,,,,,,,,,,,,,,,,,,,,,,,,,,,,,
686,Senegal,,,,,,,,,,,,,,,,,,,,,,,,,,,,,,,,,,,,,,,,,,,,,,,,,,,,,,,,,,,,,,,,,,,,,,,,,,,,,,,,,,,,,,,,,,,,,,,,,,,,,,,,,,,,,,,,,,,,,,,,,,,,,,,,,,,,,,,,,,,,,,,,,,,,,,,,,,,,,,,,,,,,,,,,,,,,,,,,,,,,,,,,,,,,,,,,,,,,,,,,,,,,,,,,,,,,,,,,,,,,,,,,,,,,,,,,,,,,,,,,,,,,,,,,,,,,,,,,,,,,,,,,,,,,,,,,,,,,,,,,,,,,,,,,,,,,,,,,,,,,,,,,,,,,,,,,,,,,,,,,,,,,,,,,,,,,,,,,,,,,,,,,,,,,,,,,,,,,,,,,,,,,,,,,,,,0.06,,,,,,,,,,0.08,,,,,,,,,,0.1,,,,,,,,,,0.12,,,,,,,,,,0.14,,,,,,,,,,0.16,,,,,,,,,,0.18,,,,,,,,,,0.2,,,,,,,,,,0.22,,,,,,,,,,0.39,,,,,,,,,,0.61,,,,,,,,,,1.26,,,,,,,,,,1.94,,,,,,,,,,2.57,,,,,,,,,,2.99,,,,,,,,,,,,,,,,,,,,,,,,,,,,,,,,,,,,,,,,
690,Seychelles,,,,,,,,,,,,,,,,,,,,,,,,,,,,,,,,,,,,,,,,,,,,,,,,,,,,,,,,,,,,,,,,,,,,,,,,,,,,,,,,,,,,,,,,,,,,,,,,,,,,,,,,,,,,,,,,,,,,,,,,,,,,,,,,,,,,,,,,,,,,,,,,,,,,,,,,,,,,,,,,,,,,,,,,,,,,,,,,,,,,,,,,,,,,,,,,,,,,,,,,,,,,,,,,,,,,,,,,,,,,,,,,,,,,,,,,,,,,,,,,,,,,,,,,,,,,,,,,,,,,,,,,,,,,,,,,,,,,,,,,,,,,,,,,,,,,,,,,,,,,,,,,,,,,,,,,,,,,,,,,,,,,,,,,,,,,,,,,,,,,,,,,,,,,,,,,,,,,,,,,,,,,,,,,,,,,,,,,,,,,,,,,,,,,,,,,,,,,,,,,,,,,,,,,,,,,,,,,,,,,,3.9767327,,,,,,,,,,5.15689059,,,,,,,,,,6.99793249,,,,,,,,,,7.9121878,,,,,,,,,,8.6141363,,,,,,,,,,9.35434914,,,,,,,,,,8.6848155,,,,,,,,,,9.0268763,,,,,,,,,,9.843342,,,,,,,,,,10.405336,,,,,,,,,,,,,,,,,,,,,,,,,,,,,,,,,,,,,,,,
694,Sierra Leone,,,,,,,,,,,,,,,,,,,,,,,,,,,,,,,,,,,,,,,,,,,,,,,,,,,,,,,,,,,,,,,,,,,,,,,,,,,,,,,,,,,,,,,,,,,,,,,,,,,,,,,,,,,,,,,,,,,,,,,,,,,,,,,,,,,,,,,,,,,,,,,,,,,,,,,,,,,,,,,,,,,,,,,,,,,,,,,,,,,,,,,,,,,,,,,,,,,,,,,,,,,,,,,,,,,,,,,,,,,,,,,,,,,,,,,,,,,,,,,,,,,,,,,,,,,,,,,,,,,,,,,,,,,,,,,,,,,,,,,,,,,,,,,,,,,,,,,,,,,,,,,,,,,,,,,,,,,,,,,,,,,,,,,,,,,,,,,,,,,,,,,,,,,,,,,0.075,,,,,,,,,,0.1,,,,,,,,,,0.11,,,,,,,,,,0.16,,,,,,,,,,0.21,,,,,,,,,,0.27,,,,,,,,,,0.28,,,,,,,,,,0.27,,,,,,,,,,0.25,,,,,,,,,,0.26,,,,,,,,,,0.38,,,,,,,,,,0.8,,,,,,,,,,1.15,,,,,,,,,,2.01,,,,,,,,,,2.92,,,,,,,,,,3.63,,,,,,,,,,3.99,,,,,,,,,,,,,,,,,,,,,,,,,,,,,,,,,,,,,,,,
702,Singapore,,,,,,,,,,,,,,,,,,,,,,,,,,,,,,,,,,,,,,,,,,,,,,,,,,,,,,,,,,,,,,,,,,,,,,,,,,,,,,,,,,,,,,,,,,,,,,,,,,,,,,,,,,,,,,,,,,,,,,,,,,,,,,,,,,,,,,,,,,,,,,,,,,,,,,,,,,,,,,,,,,,,,,,,,,,,,,,,,,,,,,,,,,,,,,,,,,,,,,,,,,,,,,,,,,,,,,,,,,,,,,,,,,,,,,,,,,,,,,,,,,,,,,,,,,,,,,,,,,,,,,,,,,,,,,,,,,,,,,,,,,,,,,,,,,,,,,,,,,,,,,,,,,,,,,,,,,,,,,,,,,,,,,,,,,,,,,,,,,,,,,,,,,,,,,,,,,,,,,,,,,,,,,,,,,,0.3861712,,,,,,,,,,0.4929766,,,,,,,,,,0.6781167,,,,,,,,,,0.9367543,,,,,,,,,,1.15884671,,,,,,,,,,1.4070252,,,,,,,,,,1.765681,,,,,,,,,,2.20934046,,,,,,,,,,2.7798891,,,,,,,,,,4.1091038,,,,,,,,,,5.66287893,,,,,,,,,,5.5631314,,,,,,,,,,6.6821852,,,,,,,,,,9.2619114,,,,,,,,,,10.530385,,,,,,,,,,,,,,,,,,,,,,,,,,,,,,,,,,,,,,,,
703,Slovakia,,,,,,,,,,,,,,,,,,,,,,,,,,,,,,,,,,,,,,,,,,,,,,,,,,,,,,,,,,,,,,,,,,,,,,,,,,,,,,,,,,,,,,,,,,,,,,,,,,,,,,,,,,,,,,,,,,,,,,,,,,,,,,,,,,,,,,,,,,,,,,,,,,,,,,,,,,,,,,,,,,,,,,,,,,,,,,,,,,,,,,,,,,,,,,,,,,,,,,,,,,,,,,,,,,,,,,,,,,,,,,,,,,,,,,,,,,,,,,,,,,,,,,,,,,,,,,,,,,,,,,,,,,,,,,,,,,,,,,,,,,,,,,,,,,,,,,,,,,,,,,,,,,,,,,,,,,,,,,,,,,,,,,,,,,,,,,,,,,,,,,,,,,,,,,,,,,,,,,,,,,,,,,,,,,,,,,,,,,,,,,,,,,,,,,,,,,,,,,,,,,,,,,,,,,,,,,,,,,,,,,,,,,,,,,,,,,,,,,,,,,,,,,,,,,,8.1758183,,,,,,,,,,7.9380064,,,,,,,,,,8.71251487,,,,,,,,,,9.5001546,,,,,,,,,,10.1,,,,,,,,,,10.6124258,,,,,,,,,,11.176332,,,,,,,,,,,,,,,,,,,,,,,,,,,,,,,,,,,,,,,,
706,Somalia,,,,,,,,,,,,,,,,,,,,,,,,,,,,,,,,,,,,,,,,,,,,,,,,,,,,,,,,,,,,,,,,,,,,,,,,,,,,,,,,,,,,,,,,,,,,,,,,,,,,,,,,,,,,,,,,,,,,,,,,,,,,,,,,,,,,,,,,,,,,,,,,,,,,,,,,,,,,,,,,,,,,,,,,,,,,,,,,,,,,,,,,,,,,,,,,,,,,,,,,,,,,,,,,,,,,,,,,,,,,,,,,,,,,,,,,,,,,,,,,,,,,,,,,,,,,,,,,,,,,,,,,,,,,,,,,,,,,,,,,,,,,,,,,,,,,,,,,,,,,,,,,,,,,,,,,,,,,,,,,,,,,,,,,,,,,,,,,,,,,,,,,,,,,,,,,,,,,,,,,,,,,,,,,,,,,,,,,,,,,,,,,,,,,,,,,,,,,,,,,,,,,,,,,,,,,,,,,,,,,,,,,,,,,,,,,,,,,,,,,,,,,,,,,,,,,,,,,,,,,,0.1924226,,,,,,,,,,0.22482153,,,,,,,,,,0.5518679,,,,,,,,,,0.7342351,,,,,,,,,,1.3423739,,,,,,,,,,1.636439,,,,,,,,,,,,,,,,,,,,,,,,,,,,,,,,,,,,,,,,
710,South Africa,,,,,,,,,,,,,,,,,,,,,,,,,,,,,,,,,,,,,,,,,,,,,,,,,,,,,,,,,,,,,,,,,,,,,,,,,,,,,,,,,,,,,,,,,,,,,,,,,,,,,,,,,,,,,,,,,,,,,,,,,,,,,,,,,,,,,,,,,,,,,,,,,,,,,,,,,,,,,,,,,,,,,,,,,,,,,,,,,,,,,,,,,,,,,,,,,,,,,,,,,,,,,,,,,,,,,,,,,,,,,,,,,,,,,,,,,,,,,,,,,,,,,,,,,,,,,,,,,,,,,,,,,,,,,,,,,,,,,,,,,,,,,,,,,,,,,,,,,,,,,,,,,,,,,,,,,,,,,,,,,,,,,,,,,,,,,,,,,,,,,,,,,,,,,,,,,,,,,,,,,,,,,,,,,,,1.1,,,,,,,,,,1.1,,,,,,,,,,1.1,,,,,,,,,,1.1,,,,,,,,,,1.12,,,,,,,,,,1.44,,,,,,,,,,1.88,,,,,,,,,,2.36,,,,,,,,,,3.13,,,,,,,,,,3.95,,,,,,,,,,4.86,,,,,,,,,,5.2,,,,,,,,,,5.83,,,,,,,,,,7.44,,,,,,,,,,7.88,,,,,,,,,,,,,,,,,,,,,,,,,,,,,,,,,,,,,,,,
410,South Korea,,,,,,,,,,,,,,,,,,,,,,,,,,,,,,,,,,,,,,,,,,,,,,,,,,,,,,,,,,,,,,,,,,,,,,,,,,,,,,,,,,,,,,,,,,,,,,,,,,,,,,,,,,,,,,,,,,,,,,,,,,,,,,,,,,,,,,,,,,,,,,,,,,,,,,,,,,,,,,,,,,,,,,,,,,,,,,,,,,,,,,,,,,,,,,,,,,,,,,,,,,,,,,,,,,,,,,,,,,,,,,,,,,,,,,,,,,,,,,,,,,,,,,,,,,,,,,,,,,,,,,,,,,,,,,,,,,,,,,,,,,,,,,,,,,,,,,,,,,,,,,,,,,,,,,,,,,,,,,,,,,,,,,,,,,,,,,,,,,,,,,,,,,,,,,,,,,,,,,,,,,,,,,,,,,,1.11,,,,,,,,,,1.16,,,,,,,,,,1.21,,,,,,,,,,1.26,,,,,,,,,,1.31,,,,,,,,,,1.46,,,,,,,,,,1.62,,,,,,,,,,2.31,,,,,,,,,,3.1,,,,,,,,,,4.3,,,,,,,,,,6.24,,,,,,,,,,8.66,,,,,,,,,,10.67,,,,,,,,,,12.12,,,,,,,,,,13,,,,,,,,,,,,,,,,,,,,,,,,,,,,,,,,,,,,,,,,
724,Spain,,,,,,,,,,,,,,,,,,,,,,,,,,,,,,,,,,,,,,,,,,,,,,,,,,,,,,,,,,,,,,,,,,,,,,,,,,,,,,,,,,,,,,,,,,,,,,,,,,,,,,,,,,,,,,,,,,,,,,,,,,,,,,,,,,,,,,,,,,,,,,,,,,,,,,,,,,,,,,,,,,,,,,,,,,,,,,,,,,,,,,,,,,,,,,,,,,,,,,,,,,,,,,,,,,,,,,,,,,,,,,,,,,,,,,,,,,,,,,,,,,,,,,,,,,,,,,,,,,,,,,,,,,,,,,,,,,,,,,,,,,,,,,,,,,,,,,,,,,,,,,,,,,,,,,,,,,,,,,,,,,,,,,,,,,,,,,,,,,,,,,,,,,,,,,,,,,,,,,,,,,,,,,,,,,,1.506,,,,,,,,,,2.04,,,,,,,,,,2.634,,,,,,,,,,3.12,,,,,,,,,,3.468,,,,,,,,,,3.686,,,,,,,,,,3.77,,,,,,,,,,4.57,,,,,,,,,,4.91,,,,,,,,,,5.56,,,,,,,,,,6.41,,,,,,,,,,7.34,,,,,,,,,,8.45,,,,,,,,,,9.5,,,,,,,,,,10.26,,,,,,,,,,,,,,,,,,,,,,,,,,,,,,,,,,,,,,,,
144,Sri Lanka,,,,,,,,,,,,,,,,,,,,,,,,,,,,,,,,,,,,,,,,,,,,,,,,,,,,,,,,,,,,,,,,,,,,,,,,,,,,,,,,,,,,,,,,,,,,,,,,,,,,,,,,,,,,,,,,,,,,,,,,,,,,,,,,,,,,,,,,,,,,,,,,,,,,,,,,,,,,,,,,,,,,,,,,,,,,,,,,,,,,,,,,,,,,,,,,,,,,,,,,,,,,,,,,,,,,,,,,,,,,,,,,,,,,,,,,,,,,,,,,,,,,,,,,,,,,,,,,,,,,,,,,,,,,,,,,,,,,,,,,,,,,,,,,,,,,,,,,,,,,,,,,,,,,,,,,,,,,,,,,,,,,,,,,,,,,,,,,,,,,,,,,,,,,,,,,,,,,,,,,,0.2581514,,,,,,,,,,0.2618034,,,,,,,,,,0.3922519,,,,,,,,,,0.6162717,,,,,,,,,,0.9000343,,,,,,,,,,1.22372727,,,,,,,,,,1.6382303,,,,,,,,,,2.01300385,,,,,,,,,,2.57512293,,,,,,,,,,3.1102047,,,,,,,,,,3.6815,,,,,,,,,,5.615,,,,,,,,,,5.516,,,,,,,,,,6.3061713,,,,,,,,,,6.941,,,,,,,,,,7.421,,,,,,,,,,,,,,,,,,,,,,,,,,,,,,,,,,,,,,,,
748,Swaziland,,,,,,,,,,,,,,,,,,,,,,,,,,,,,,,,,,,,,,,,,,,,,,,,,,,,,,,,,,,,,,,,,,,,,,,,,,,,,,,,,,,,,,,,,,,,,,,,,,,,,,,,,,,,,,,,,,,,,,,,,,,,,,,,,,,,,,,,,,,,,,,,,,,,,,,,,,,,,,,,,,,,,,,,,,,,,,,,,,,,,,,,,,,,,,,,,,,,,,,,,,,,,,,,,,,,,,,,,,,,,,,,,,,,,,,,,,,,,,,,,,,,,,,,,,,,,,,,,,,,,,,,,,,,,,,,,,,,,,,,,,,,,,,,,,,,,,,,,,,,,,,,,,,,,,,,,,,,,,,,,,,,,,,,,,,,,,,,,,,,,,,,,,,,,,,,,,,,,,,,,,,,,,,,,,,,,,,,,,,,,,,,,,,,,,,,,,,,,,,,,,,,,,,,,,,,,,,,,,,,,,,,,,,,,,,,,,,,,,,,,,,,,,,,,,,1.23,,,,,,,,,,1.74,,,,,,,,,,2.92,,,,,,,,,,4.53,,,,,,,,,,5.83,,,,,,,,,,7.04,,,,,,,,,,7.82,,,,,,,,,,,,,,,,,,,,,,,,,,,,,,,,,,,,,,,,
752,Sweden,,,,,,,,,,,,,,,,,,,,,,,,,,,,,,,,,,,,,,,,,,,,,,,,,,,,,,,,,,,,,,,,,,,,,,,,,,,,,,,,,,,,,,,,,,,,,,,,,,,,,,,,,,,,,,,,,,,,,,,,,,,,,,,,,,,,,,,,,,,,,,,,,,,,,,,,,,,,,,,,,,,,,,,,,,,,,,,,,,,,,,,,,,,,,,,,,,,,,,,,,,,,,,,,,,,,,,,,,,,,,,,,,,,,,,,,,,,,,,,,,,,,,,,,,,,,,,,,,,,,,,,,,,,,,,,,,,,,,,,,,,,,,,,,,,,,,,,,,,,,,,,,,,,,,,,,,,,,,,,,,,,,,,,,,,,,,,,,,,,,,,,,,,,,,,,,,,,,,,,,,,,,,,,,,,,4.23,,,,,,,,,,4.61,,,,,,,,,,5.02,,,,,,,,,,5.49,,,,,,,,,,5.89,,,,,,,,,,6.24,,,,,,,,,,6.55,,,,,,,,,,6.85,,,,,,,,,,7.38,,,,,,,,,,8.49,,,,,,,,,,9.71,,,,,,,,,,10.98,,,,,,,,,,11.83,,,,,,,,,,11.53,,,,,,,,,,11.85,,,,,,,,,,,,,,,,,,,,,,,,,,,,,,,,,,,,,,,,
756,Switzerland,,,,,,,,,,,,,,,,,,,,,,,,,,,,,,,,,,,,,,,,,,,,,,,,,,,,,,,,,,,,,,,,,,,,,,,,,,,,,,,,,,,,,,,,,,,,,,,,,,,,,,,,,,,,,,,,,,,,,,,,,,,,,,,,,,,,,,,,,,,,,,,,,,,,,,,,,,,,,,,,,,,,,,,,,,,,,,,,,,,,,,,,,,,,,,,,,,,,,,,,,,,,,,,,,,,,,,,,,,,,,,,,,,,,,,,,,,,,,,,,,,,,,,,,,,,,,,,,,,,,,,,,,,,,,,,,,,,,,,,,,,,,,,,,,,,,,,,,,,,,,,,,,,,,,,,,,,,,,,,,,,,,,,,,,,,,,,,,,,,,,,,,,,,,,,,,,,,,,,,,,,,,,,,,,,,6.07,,,,,,,,,,6.59,,,,,,,,,,6.91,,,,,,,,,,7.29,,,,,,,,,,7.55,,,,,,,,,,7.71,,,,,,,,,,8.3,,,,,,,,,,8.83,,,,,,,,,,9.4,,,,,,,,,,10.03,,,,,,,,,,11.19,,,,,,,,,,12.13,,,,,,,,,,12.76,,,,,,,,,,12.62,,,,,,,,,,12.71,,,,,,,,,,,,,,,,,,,,,,,,,,,,,,,,,,,,,,,,
760,Syria,,,,,,,,,,,,,,,,,,,,,,,,,,,,,,,,,,,,,,,,,,,,,,,,,,,,,,,,,,,,,,,,,,,,,,,,,,,,,,,,,,,,,,,,,,,,,,,,,,,,,,,,,,,,,,,,,,,,,,,,,,,,,,,,,,,,,,,,,,,,,,,,,,,,,,,,,,,,,,,,,,,,,,,,,,,,,,,,,,,,,,,,,,,,,,,,,,,,,,,,,,,,,,,,,,,,,,,,,,,,,,,,,,,,,,,,,,,,,,,,,,,,,,,,,,,,,,,,,,,,,,,,,,,,,,,,,,,,,,,,,,,,,,,,,,,,,,,,,,,,,,,,,,,,,,,,,,,,,,,,,,,,,,,,,,,,,,,,,,,,,,,,,,,,,,,,,,,,,,,,,,,,,,,,,,,0.29,,,,,,,,,,0.38,,,,,,,,,,0.45,,,,,,,,,,0.53,,,,,,,,,,0.61,,,,,,,,,,0.69,,,,,,,,,,0.77,,,,,,,,,,1.06,,,,,,,,,,1.39,,,,,,,,,,2.11,,,,,,,,,,2.99,,,,,,,,,,4.33,,,,,,,,,,5.86,,,,,,,,,,7.17,,,,,,,,,,7.99,,,,,,,,,,,,,,,,,,,,,,,,,,,,,,,,,,,,,,,,
762,Tajikistan,,,,,,,,,,,,,,,,,,,,,,,,,,,,,,,,,,,,,,,,,,,,,,,,,,,,,,,,,,,,,,,,,,,,,,,,,,,,,,,,,,,,,,,,,,,,,,,,,,,,,,,,,,,,,,,,,,,,,,,,,,,,,,,,,,,,,,,,,,,,,,,,,,,,,,,,,,,,,,,,,,,,,,,,,,,,,,,,,,,,,,,,,,,,,,,,,,,,,,,,,,,,,,,,,,,,,,,,,,,,,,,,,,,,,,,,,,,,,,,,,,,,,,,,,,,,,,,,,,,,,,,,,,,,,,,,,,,,,,,,,,,,,,,,,,,,,,,,,,,,,,,,,,,,,,,,,,,,,,,,,,,,,,,,,,,,,,,,,,,,,,,,,,,,,,,,,,,,,,,,,,,,,,,,,,,,,,,,,,,,,,,,,,,,,,,,,,,,,,,,,,,,,,,,,,,,,,,,,,,,,,,,,,,,,,,,,,,,,,,,,2.68795939,,,,,,,,,,,,,,,,,,,,,,,,,,,,,,6.28781479,,,,,,,,,,8.5487568,,,,,,,,,,9.6037988,,,,,,,,,,9.5239456,,,,,,,,,,9.352352,,,,,,,,,,,,,,,,,,,,,,,,,,,,,,,,,,,,,,,,
834,Tanzania,,,,,,,,,,,,,,,,,,,,,,,,,,,,,,,,,,,,,,,,,,,,,,,,,,,,,,,,,,,,,,,,,,,,,,,,,,,,,,,,,,,,,,,,,,,,,,,,,,,,,,,,,,,,,,,,,,,,,,,,,,,,,,,,,,,,,,,,,,,,,,,,,,,,,,,,,,,,,,,,,,,,,,,,,,,,,,,,,,,,,,,,,,,,,,,,,,,,,,,,,,,,,,,,,,,,,,,,,,,,,,,,,,,,,,,,,,,,,,,,,,,,,,,,,,,,,,,,,,,,,,,,,,,,,,,,,,,,,,,,,,,,,,,,,,,,,,,,,,,,,,,,,,,,,,,,,,,,,,,,,,,,,,,,,,,,,,,,,,,,,,,,,,,,,,,,,,,,,,,,,,,,,,,,,,,,,,,,,,,,,,,,,,,,,,,,,,,,,,,,,,,,,,,,,,,,,,,,,,,,,,,,,,,,,,,,,,,,,,,,,,,,,,,,,,,1.5049268,,,,,,,,,,2.0263605,,,,,,,,,,2.00984609,,,,,,,,,,2.0726586,,,,,,,,,,2.8242368,,,,,,,,,,3.4000792,,,,,,,,,,3.645323,,,,,,,,,,,,,,,,,,,,,,,,,,,,,,,,,,,,,,,,
764,Thailand,,,,,,,,,,,,,,,,,,,,,,,,,,,,,,,,,,,,,,,,,,,,,,,,,,,,,,,,,,,,,,,,,,,,,,,,,,,,,,,,,,,,,,,,,,,,,,,,,,,,,,,,,,,,,,,,,,,,,,,,,,,,,,,,,,,,,,,,,,,,,,,,,,,,,,,,,,,,,,,,,,,,,,,,,,,,,,,,,,,,,,,,,,,,,,,,,,,,,,,,,,,,,,,,,,,,,,,,,,,,,,,,,,,,,,,,,,,,,,,,,,,,,,,,,,,,,,,,,,,,,,,,,,,,,,,,,,,,,,,,,,,,,,,,,,,,,,,,,,,,,,,,,,,,,,,,,,,,,,,,,,,,,,,,,,,,,,,,,,,,,,,,,,,,,,,,,,,,,,,,,,,,,,,,,,,0.17,,,,,,,,,,0.22,,,,,,,,,,0.26,,,,,,,,,,0.31,,,,,,,,,,0.36,,,,,,,,,,0.4,,,,,,,,,,0.48,,,,,,,,,,1,,,,,,,,,,1.81,,,,,,,,,,2.64,,,,,,,,,,3.23,,,,,,,,,,4.06,,,,,,,,,,6.58,,,,,,,,,,7.61,,,,,,,,,,7.91,,,,,,,,,,,,,,,,,,,,,,,,,,,,,,,,,,,,,,,,
270,The Gambia,,,,,,,,,,,,,,,,,,,,,,,,,,,,,,,,,,,,,,,,,,,,,,,,,,,,,,,,,,,,,,,,,,,,,,,,,,,,,,,,,,,,,,,,,,,,,,,,,,,,,,,,,,,,,,,,,,,,,,,,,,,,,,,,,,,,,,,,,,,,,,,,,,,,,,,,,,,,,,,,,,,,,,,,,,,,,,,,,,,,,,,,,,,,,,,,,,,,,,,,,,,,,,,,,,,,,,,,,,,,,,,,,,,,,,,,,,,,,,,,,,,,,,,,,,,,,,,,,,,,,,,,,,,,,,,,,,,,,,,,,,,,,,,,,,,,,,,,,,,,,,,,,,,,,,,,,,,,,,,,,,,,,,,,,,,,,,,,,,,,,,,,,,,,,,,,,,,,,,,,,,,,,,,,,,,,,,,,,,,,,,,,,,,,,,,,,,,,,,,,,,,,,,,,,,,,,,,,,,,,,0.1767844,,,,,,,,,,0.17965917,,,,,,,,,,0.18767268,,,,,,,,,,0.294594,,,,,,,,,,0.485,,,,,,,,,,0.5975,,,,,,,,,,1.0075,,,,,,,,,,1.9118352,,,,,,,,,,2.6985,,,,,,,,,,3.5975,,,,,,,,,,,,,,,,,,,,,,,,,,,,,,,,,,,,,,,,
768,Togo,,,,,,,,,,,,,,,,,,,,,,,,,,,,,,,,,,,,,,,,,,,,,,,,,,,,,,,,,,,,,,,,,,,,,,,,,,,,,,,,,,,,,,,,,,,,,,,,,,,,,,,,,,,,,,,,,,,,,,,,,,,,,,,,,,,,,,,,,,,,,,,,,,,,,,,,,,,,,,,,,,,,,,,,,,,,,,,,,,,,,,,,,,,,,,,,,,,,,,,,,,,,,,,,,,,,,,,,,,,,,,,,,,,,,,,,,,,,,,,,,,,,,,,,,,,,,,,,,,,,,,,,,,,,,,,,,,,,,,,,,,,,,,,,,,,,,,,,,,,,,,,,,,,,,,,,,,,,,,,,,,,,,,,,,,,,,,,,,,,,,,,,,,,,,,,,,,,,,,,,,,,,,,,,,,,,,,,,,,,,,,,,,,,,,,,,,,,,,,,,,,,,,,,,,,,,,,,,,,,,,,,,,,,,,,,0.03503504,,,,,,,,,,0.08781425,,,,,,,,,,0.2800002,,,,,,,,,,0.409,,,,,,,,,,0.7115,,,,,,,,,,2.2864394,,,,,,,,,,3.3662992,,,,,,,,,,4.11,,,,,,,,,,4.907306,,,,,,,,,,,,,,,,,,,,,,,,,,,,,,,,,,,,,,,,
780,Trinidad and Tobago,,,,,,,,,,,,,,,,,,,,,,,,,,,,,,,,,,,,,,,,,,,,,,,,,,,,,,,,,,,,,,,,,,,,,,,,,,,,,,,,,,,,,,,,,,,,,,,,,,,,,,,,,,,,,,,,,,,,,,,,,,,,,,,,,,,,,,,,,,,,,,,,,,,,,,,,,,,,,,,,,,,,,,,,,,,,,,,,,,,,,,,,,,,,,,,,,,,,,,,,,,,,,,,,,,,,,,,,,,,,,,,,,,,,,,,,,,,,,,,,,,,,,,,,,,,,,,,,,,,,,,,,,,,,,,,,,,,,,,,,,,,,,,,,,,,,,,,,,,,,,,,,,,,,,,,,,,,,,,,,,,,,,,,,,,,,,,,,,,,,,,,,,,,,,,,,,,,,,,,,,,,,,,,,,,,1.6842598,,,,,,,,,,1.81529,,,,,,,,,,2.2403773,,,,,,,,,,2.8762788,,,,,,,,,,3.82501615,,,,,,,,,,4.4512407,,,,,,,,,,4.97100282,,,,,,,,,,5.29994506,,,,,,,,,,5.6611886,,,,,,,,,,6.5640358,,,,,,,,,,7.14562608,,,,,,,,,,8.3084882,,,,,,,,,,8.9889191,,,,,,,,,,9.3644188,,,,,,,,,,9.551031,,,,,,,,,,,,,,,,,,,,,,,,,,,,,,,,,,,,,,,,
788,Tunisia,,,,,,,,,,,,,,,,,,,,,,,,,,,,,,,,,,,,,,,,,,,,,,,,,,,,,,,,,,,,,,,,,,,,,,,,,,,,,,,,,,,,,,,,,,,,,,,,,,,,,,,,,,,,,,,,,,,,,,,,,,,,,,,,,,,,,,,,,,,,,,,,,,,,,,,,,,,,,,,,,,,,,,,,,,,,,,,,,,,,,,,,,,,,,,,,,,,,,,,,,,,,,,,,,,,,,,,,,,,,,,,,,,,,,,,,,,,,,,,,,,,,,,,,,,,,,,,,,,,,,,,,,,,,,,,,,,,,,,,,,,,,,,,,,,,,,,,,,,,,,,,,,,,,,,,,,,,,,,,,,,,,,,,,,,,,,,,,,,,,,,,,,,,,,,,,,,,,,,,,,,,,,,,,,,,0.3,,,,,,,,,,0.33,,,,,,,,,,0.34,,,,,,,,,,0.37,,,,,,,,,,0.39,,,,,,,,,,0.42,,,,,,,,,,0.48,,,,,,,,,,0.66,,,,,,,,,,0.73,,,,,,,,,,0.98,,,,,,,,,,1.81,,,,,,,,,,3.135402,,,,,,,,,,4.067813,,,,,,,,,,5.347535,,,,,,,,,,6.330588,,,,,,,,,,,,,,,,,,,,,,,,,,,,,,,,,,,,,,,,
792,Turkey,,,,,,,,,,,,,,,,,,,,,,,,,,,,,,,,,,,,,,,,,,,,,,,,,,,,,,,,,,,,,,,,,,,,,,,,,,,,,,,,,,,,,,,,,,,,,,,,,,,,,,,,,,,,,,,,,,,,,,,,,,,,,,,,,,,,,,,,,,,,,,,,,,,,,,,,,,,,,,,,,,,,,,,,,,,,,,,,,,,,,,,,,,,,,,,,,,,,,,,,,,,,,,,,,,,,,,,,,,,,,,,,,,,,,,,,,,,,,,,,,,,,,,,,,,,,,,,,,,,,,,,,,,,,,,,,,,,,,,,,,,,,,,,,,,,,,,,,,,,,,,,,,,,,,,,,,,,,,,,,,,,,,,,,,,,,,,,,,,,,,,,,,,,,,,,,,,,,,,,,,,,,,,,,,,,0.26,,,,,,,,,,0.33,,,,,,,,,,0.39,,,,,,,,,,0.47,,,,,,,,,,0.53,,,,,,,,,,0.59,,,,,,,,,,0.65,,,,,,,,,,0.82,,,,,,,,,,1.2,,,,,,,,,,2.17,,,,,,,,,,3.14,,,,,,,,,,4.23,,,,,,,,,,5.29,,,,,,,,,,6.3,,,,,,,,,,6.75,,,,,,,,,,,,,,,,,,,,,,,,,,,,,,,,,,,,,,,,
795,Turkmenistan,,,,,,,,,,,,,,,,,,,,,,,,,,,,,,,,,,,,,,,,,,,,,,,,,,,,,,,,,,,,,,,,,,,,,,,,,,,,,,,,,,,,,,,,,,,,,,,,,,,,,,,,,,,,,,,,,,,,,,,,,,,,,,,,,,,,,,,,,,,,,,,,,,,,,,,,,,,,,,,,,,,,,,,,,,,,,,,,,,,,,,,,,,,,,,,,,,,,,,,,,,,,,,,,,,,,,,,,,,,,,,,,,,,,,,,,,,,,,,,,,,,,,,,,,,,,,,,,,,,,,,,,,,,,,,,,,,,,,,,,,,,,,,,,,,,,,,,,,,,,,,,,,,,,,,,,,,,,,,,,,,,,,,,,,,,,,,,,,,,,,,,,,,,,,,,,,,,,,,,,,,,,,,,,,,,,,,,,,,,,,,,,,,,,,,,,,,,,,,,,,,,,,,,,,,,,,,,,,,,,,,,,,,,,,,,,,,,,,,,,,2.88484244,,,,,,,,,,,,,,,,,,,,,,,,,,,,,,6.19079084,,,,,,,,,,,,,,,,,,,,,,,,,,,,,,,,,,,,,,,,,,,,,,,,,,,,,,,,,,,,,,,,,,,,,,,,,,,,,,,,
800,Uganda,,,,,,,,,,,,,,,,,,,,,,,,,,,,,,,,,,,,,,,,,,,,,,,,,,,,,,,,,,,,,,,,,,,,,,,,,,,,,,,,,,,,,,,,,,,,,,,,,,,,,,,,,,,,,,,,,,,,,,,,,,,,,,,,,,,,,,,,,,,,,,,,,,,,,,,,,,,,,,,,,,,,,,,,,,,,,,,,,,,,,,,,,,,,,,,,,,,,,,,,,,,,,,,,,,,,,,,,,,,,,,,,,,,,,,,,,,,,,,,,,,,,,,,,,,,,,,,,,,,,,,,,,,,,,,,,,,,,,,,,,,,,,,,,,,,,,,,,,,,,,,,,,,,,,,,,,,,,,,,,,,,,,,,,,,,,,,,,,,,,,,,,,,,,,,,,,,,,,,,,,,,,,,,,,,,0.04,,,,,,,,,,0.05,,,,,,,,,,0.06,,,,,,,,,,0.07,,,,,,,,,,0.09,,,,,,,,,,0.1,,,,,,,,,,0.38,,,,,,,,,,0.65,,,,,,,,,,0.93,,,,,,,,,,1.2,,,,,,,,,,1.81,,,,,,,,,,2.18,,,,,,,,,,2.62,,,,,,,,,,3.33,,,,,,,,,,4.54,,,,,,,,,,,,,,,,,,,,,,,,,,,,,,,,,,,,,,,,
804,Ukraine,,,,,,,,,,,,,,,,,,,,,,,,,,,,,,,,,,,,,,,,,,,,,,,,,,,,,,,,,,,,,,,,,,,,,,,,,,,,,,,,,,,,,,,,,,,,,,,,,,,,,,,,,,,,,,,,,,,,,,,,,,,,,,,,,,,,,,,,,,,,,,,,,,,,,,,,,,,,,,,,,,,,,,,,,,,,,,,,,,,,,,,,,,,,,,,,,,,,,,,,,,,,,,,,,,,,,,,,,,,,,,,,,,,,,,,,,,,,,,,,,,,,,,,,,,,,,,,,,,,,,,,,,,,,,,,,,,,,,,,,,,,,,,,,,,,,,,,,,,,,,,,,,,,,,,,,,,,,,,,,,,,,,,,,,,,,,,,,,,,,,,,,,,,,,,,,,,,,,,,,,,,,,,,,,,,,,,,,,,,,,,,,,,,,,,,,,,,,,,,,,,,,,,,,,,,,,,,,,,,,,,,,,,,,,,,,,,,,,,,,,,,,,,,,,,,,,,,,,,,,,5.1648353,,,,,,,,,,6.39496092,,,,,,,,,,8.4231587,,,,,,,,,,9.7066678,,,,,,,,,,10.8782811,,,,,,,,,,11.511519,,,,,,,,,,,,,,,,,,,,,,,,,,,,,,,,,,,,,,,,
826,United Kingdom,,,,,,,,,,,,,,,,,,,,,,,,,,,,,,,,,,,,,,,,,,,,,,,,,,,,,,,,,,,,,,,,,,,,,,,,,,,,,,,,,,,,,,,,,,,,,,,,,,,,,,,,,,,,,,,,,,,,,,,,,,,,,,,,,,,,,,,,,,,,,,,,,,,,,,,,,,,,,,,,,,,,,,,,,,,,,,,,,,,,,,,,,,,,,,,,,,,,,,,,,,,,,,,,,,,,,,,,,,,,,,,,,,,,,,,,,,,,,,,,,,,,,,,,,,,,,,,,,,,,,,,,,,,,,,,,,,,,,,,,,,,,,,,,,,,,,,,,,,,,,,,,,,,,,,,,,,,,,,,,,1.761306,,,,,,,,,,1.925571,,,,,,,,,,2.229292,,,,,,,,,,2.6413835,,,,,,,,,,3.1484756,,,,,,,,,,3.59,,,,,,,,,,4.37,,,,,,,,,,4.84,,,,,,,,,,5.33,,,,,,,,,,5.86,,,,,,,,,,6.31,,,,,,,,,,6.7,,,,,,,,,,7.2,,,,,,,,,,7.74,,,,,,,,,,8.92,,,,,,,,,,10.15,,,,,,,,,,11.44,,,,,,,,,,12.24,,,,,,,,,,13.07,,,,,,,,,,13.3,,,,,,,,,,,,,,,,,,,,,,,,,,,,,,,,,,,,,,,,
840,United States,,,,,,,,,,,,,,,,,,,,,,,,,,,,,,,,,,,,,,,,,,,,,,,,,,,,,,,,,,,,,,,,,,,,,,,,,,,,,,,,,,,,,,,,,,,,,,,,,,,,,,,,,,,,,,,,,,,,,,,,,,,,,,,,,,,,,,,,,,,,,,,,,,,,,,,,,,,,,,,,,,,,,,,,,,,,,,,,,,,,,,,,,,,,,,,,,,,,,,,,,,,,,,,,,,,,,,,,,,,,,,,,,,,,,,,,,,,,,,,,,,,,,,,,,,,,,,,,,,,,,,,,,,,,,,,,,,,,,,,,,,,,,,,,,,,,,,,,,,,,,,,,,,,,,,,,,,,,,,,,,,,,,,,,,,,,,,,,,,,,,,,,,,,,,,,,,,,,,,,,,,,,,,,,,,,5.57,,,,,,,,,,6.02,,,,,,,,,,6.6,,,,,,,,,,7.09,,,,,,,,,,7.46,,,,,,,,,,7.84,,,,,,,,,,8.46,,,,,,,,,,8.860001,,,,,,,,,,9.61,,,,,,,,,,10.3,,,,,,,,,,11.06,,,,,,,,,,11.93,,,,,,,,,,12.73,,,,,,,,,,13.01,,,,,,,,,,13.61,,,,,,,,,,,,,,,,,,,,,,,,,,,,,,,,,,,,,,,,
858,Uruguay,,,,,,,,,,,,,,,,,,,,,,,,,,,,,,,,,,,,,,,,,,,,,,,,,,,,,,,,,,,,,,,,,,,,,,,,,,,,,,,,,,,,,,,,,,,,,,,,,,,,,,,,,,,,,,,,,,,,,,,,,,,,,,,,,,,,,,,,,,,,,,,,,,,,,,,,,,,,,,,,,,,,,,,,,,,,,,,,,,,,,,,,,,,,,,,,,,,,,,,,,,,,,,,,,,,,,,,,,,,,,,,,,,,,,,,,,,,,,,,,,,,,,,,,,,,,,,,,,,,,,,,,,,,,,,,,,,,,,,,,,,,,,,,,,,,,,,,,,,,,,,,,,,,,,,,,,,,,,,,,,,,,,,,,,,,,,,,,,,,,,,,,,,,,,,,,,,,,,,,,,,,,,,,,,,,1.61,,,,,,,,,,1.77,,,,,,,,,,1.94,,,,,,,,,,2.23,,,,,,,,,,2.5,,,,,,,,,,2.9,,,,,,,,,,3.37,,,,,,,,,,3.864,,,,,,,,,,4.91,,,,,,,,,,5.5,,,,,,,,,,6.12,,,,,,,,,,6.92,,,,,,,,,,7.73,,,,,,,,,,8.37,,,,,,,,,,8.71,,,,,,,,,,,,,,,,,,,,,,,,,,,,,,,,,,,,,,,,
860,Uzbekistan,,,,,,,,,,,,,,,,,,,,,,,,,,,,,,,,,,,,,,,,,,,,,,,,,,,,,,,,,,,,,,,,,,,,,,,,,,,,,,,,,,,,,,,,,,,,,,,,,,,,,,,,,,,,,,,,,,,,,,,,,,,,,,,,,,,,,,,,,,,,,,,,,,,,,,,,,,,,,,,,,,,,,,,,,,,,,,,,,,,,,,,,,,,,,,,,,,,,,,,,,,,,,,,,,,,,,,,,,,,,,,,,,,,,,,,,,,,,,,,,,,,,,,,,,,,,,,,,,,,,,,,,,,,,,,,,,,,,,,,,,,,,,,,,,,,,,,,,,,,,,,,,,,,,,,,,,,,,,,,,,,,,,,,,,,,,,,,,,,,,,,,,,,,,,,,,,,,,,,,,,,,,,,,,,,,,,,,,,,,,,,,,,,,,,,,,,,,,,,,,,,,,,,,,,,,,,,,,,,,,,,,,,,,,,,,,,,,,,,,,,2.81077042,,,,,,,,,,,,,,,,,,,,,,,,,,,,,,6.35831733,,,,,,,,,,9.1539195,,,,,,,,,,10.0224866,,,,,,,,,,10.2118867,,,,,,,,,,10.294106,,,,,,,,,,,,,,,,,,,,,,,,,,,,,,,,,,,,,,,,
862,Venezuela,,,,,,,,,,,,,,,,,,,,,,,,,,,,,,,,,,,,,,,,,,,,,,,,,,,,,,,,,,,,,,,,,,,,,,,,,,,,,,,,,,,,,,,,,,,,,,,,,,,,,,,,,,,,,,,,,,,,,,,,,,,,,,,,,,,,,,,,,,,,,,,,,,,,,,,,,,,,,,,,,,,,,,,,,,,,,,,,,,,,,,,,,,,,,,,,,,,,,,,,,,,,,,,,,,,,,,,,,,,,,,,,,,,,,,,,,,,,,,,,,,,,,,,,,,,,,,,,,,,,,,,,,,,,,,,,,,,,,,,,,,,,,,,,,,,,,,,,,,,,,,,,,,,,,,,,,,,,,,,,,,,,,,,,,,,,,,,,,,,,,,,,,,,,,,,,,,,,,,,,,,,,,,,,,,,1.1,,,,,,,,,,1.17,,,,,,,,,,1.25,,,,,,,,,,1.38,,,,,,,,,,1.51,,,,,,,,,,1.58,,,,,,,,,,1.66,,,,,,,,,,1.81,,,,,,,,,,2.53,,,,,,,,,,3.57,,,,,,,,,,4.77,,,,,,,,,,5.59,,,,,,,,,,5.45,,,,,,,,,,6.43,,,,,,,,,,6.63,,,,,,,,,,,,,,,,,,,,,,,,,,,,,,,,,,,,,,,,
704,Vietnam,,,,,,,,,,,,,,,,,,,,,,,,,,,,,,,,,,,,,,,,,,,,,,,,,,,,,,,,,,,,,,,,,,,,,,,,,,,,,,,,,,,,,,,,,,,,,,,,,,,,,,,,,,,,,,,,,,,,,,,,,,,,,,,,,,,,,,,,,,,,,,,,,,,,,,,,,,,,,,,,,,,,,,,,,,,,,,,,,,,,,,,,,,,,,,,,,,,,,,,,,,,,,,,,,,,,,,,,,,,,,,,,,,,,,,,,,,,,,,,,,,,,,,,,,,,,,,,,,,,,,,,,,,,,,,,,,,,,,,,,,,,,,,,,,,,,,,,,,,,,,,,,,,,,,,,,,,,,,,,,,,,,,,,,,,,,,,,,,,,,,,,,,,,,,,,,,,,,,,,,,,,,,,,,,,,,,,,,,,,,,,,,,,,,,,,0.3532206,,,,,,,,,,0.4108166,,,,,,,,,,0.43430899,,,,,,,,,,0.4904757,,,,,,,,,,0.939367,,,,,,,,,,2.07843421,,,,,,,,,,2.7817418,,,,,,,,,,3.1425,,,,,,,,,,4.218,,,,,,,,,,5.585,,,,,,,,,,4.2465,,,,,,,,,,5.2195,,,,,,,,,,6.531995,,,,,,,,,,,,,,,,,,,,,,,,,,,,,,,,,,,,,,,,
894,Zambia,,,,,,,,,,,,,,,,,,,,,,,,,,,,,,,,,,,,,,,,,,,,,,,,,,,,,,,,,,,,,,,,,,,,,,,,,,,,,,,,,,,,,,,,,,,,,,,,,,,,,,,,,,,,,,,,,,,,,,,,,,,,,,,,,,,,,,,,,,,,,,,,,,,,,,,,,,,,,,,,,,,,,,,,,,,,,,,,,,,,,,,,,,,,,,,,,,,,,,,,,,,,,,,,,,,,,,,,,,,,,,,,,,,,,,,,,,,,,,,,,,,,,,,,,,,,,,,,,,,,,,,,,,,,,,,,,,,,,,,,,,,,,,,,,,,,,,,,,,,,,,,,,,,,,,,,,,,,,,,,,,,,,,,,,,,,,,,,,,,,,,,,,,,,,,,,,,,,,,,,,,,,,,,,,,,,,,,,,,,,,,,,,,,,,,,,,,,,,,,,,,,,,,,,,,,,,,,,,,,,,0.4378213,,,,,,,,,,1.11818315,,,,,,,,,,1.6010366,,,,,,,,,,2.551758,,,,,,,,,,2.9298582,,,,,,,,,,3.72669732,,,,,,,,,,4.8022383,,,,,,,,,,5.1673163,,,,,,,,,,5.9440118,,,,,,,,,,6.353788,,,,,,,,,,,,,,,,,,,,,,,,,,,,,,,,,,,,,,,,
716,Zimbabwe,,,,,,,,,,,,,,,,,,,,,,,,,,,,,,,,,,,,,,,,,,,,,,,,,,,,,,,,,,,,,,,,,,,,,,,,,,,,,,,,,,,,,,,,,,,,,,,,,,,,,,,,,,,,,,,,,,,,,,,,,,,,,,,,,,,,,,,,,,,,,,,,,,,,,,,,,,,,,,,,,,,,,,,,,,,,,,,,,,,,,,,,,,,,,,,,,,,,,,,,,,,,,,,,,,,,,,,,,,,,,,,,,,,,,,,,,,,,,,,,,,,,,,,,,,,,,,,,,,,,,,,,,,,,,,,,,,,,,,,,,,,,,,,,,,,,,,,,,,,,,,,,,,,,,,,,,,,,,,,,,,,,,,,,,,,,,,,,,,,,,,,,,,,,,,,,,,,,,,,,,,,,,,,,,,,0.01,,,,,,,,,,0.02,,,,,,,,,,0.02,,,,,,,,,,0.03,,,,,,,,,,0.03,,,,,,,,,,0.09,,,,,,,,,,0.5599999,,,,,,,,,,1.04,,,,,,,,,,2.000407,,,,,,,,,,2.493421,,,,,,,,,,3.323897,,,,,,,,,,4.061388,,,,,,,,,,5.964283,,,,,,,,,,7.263829,,,,,,,,,,7.917721,,,,,,,,,,,,,,,,,,,,,,,,,,,,,,,,,,,,,,,,
